id,domain,status,purchase_price,renewal_price,attractiveness,demand,length,registrar,created_at,expires_at,status_verified_at
84607e6d-2317-4fbd-8d56-dfb7edf3ef14,earthly.training,available,8.98,53.98,high,low,7,namecheap,,,14/08/2026 22:42
fc343fc1-4294-4bad-9aed-1cf8764393ec,adana.training,available,15.99,41.99,medium,low,5,namesilo,,,17/09/2026 06:19
5d5f14b6-3665-4c8c-a48f-eaae4790f231,tandem.training,available,8.98,53.98,high,low,6,namecheap,,,15/09/2026 06:56
25089cc7-767e-45c3-8981-b685d5ea5104,alcyone.training,available,8.98,53.98,medium,low,7,namecheap,,,20/08/2026 22:22
a73eeacf-2075-4c99-b3ef-3901274e1180,ribbing.training,available,8.98,53.98,medium,low,7,namecheap,,,11/09/2026 10:01
54785ff4-02d1-4a7a-b754-033a2d57ecb8,enceinte.training,available,8.98,53.98,medium,low,8,namecheap,,,16/08/2026 22:09
f47c7c70-b336-48ec-a055-490ad97c43df,averroes.training,available,8.98,53.98,medium,low,8,namecheap,,,16/09/2026 18:56
6478c52f-96a8-48bd-ac6a-ba5b7951aeb7,cumulous.training,available,8.98,53.98,medium,low,8,namecheap,,,13/08/2026 10:30
bf2d943e-6082-44a4-8d46-e91b338bfa04,scarecrow.training,available,15.99,41.99,high,low,9,namesilo,,,23/09/2026 19:41
607616e3-0ddf-4044-a7e1-dbaa72f3e5d7,basle.training,available,8.98,53.98,medium,low,5,namecheap,,,22/09/2026 10:14
0e510c87-8564-4760-9617-2b316f8ab60e,unpackaged.training,available,8.98,53.98,medium,low,10,namecheap,,,12/09/2026 16:23
497b6e8e-1c9d-41bb-942b-fa143c3eff06,neurotic.training,available,8.98,53.98,medium,low,8,namecheap,,,03/09/2026 16:23
f3e0c566-a60b-43e3-8fa4-a88da9a9dc84,beaming.training,available,8.98,53.98,high,low,7,namecheap,,,09/08/2026 04:03
a144432f-469d-428b-b8e6-b8c5c665a793,nairobi.training,available,15.99,41.99,high,low,7,namesilo,,,24/09/2026 12:20
84853e28-54e9-4e01-85ec-3d3fbb96a35d,recreation.training,available,15.99,41.99,high,low,10,namesilo,,,24/09/2026 23:18
01dcd7e8-705e-48dd-b4bc-c7f23b09094b,taradiddle.training,available,15.99,41.99,medium,low,10,namesilo,,,21/09/2026 23:52
735919de-e93c-4d26-895e-b2b08d2d2f96,criminals.training,available,15.99,41.99,low,low,9,namesilo,,,27/09/2026 03:03
f242a86d-1f18-4e40-838a-2e365f9c8b81,gladsome.training,available,8.98,53.98,high,low,8,namecheap,,,19/08/2026 00:13
40b31bde-9ace-470d-8d72-222ccff05b8e,eparchial.training,available,8.98,53.98,low,low,9,namecheap,,,17/08/2026 10:12
8a8748d7-8ad3-49fb-bc2b-2ecbd94134ef,seedy.training,available,8.98,53.98,medium,low,5,namecheap,,,
b477708e-54ba-49fa-b382-96f7c34bda40,noiseless.training,available,8.98,53.98,medium,low,9,namecheap,,,03/09/2026 18:13
a17fa79d-d1d6-42b7-ad30-5e1f94d79d29,camisole.training,available,15.99,41.99,high,low,8,namesilo,,,24/09/2026 11:52
56f29c2e-8a95-494b-87bd-7e679a0b4060,meatless.training,available,8.98,53.98,medium,low,8,namecheap,,,24/08/2026 18:33
3c7ae5fc-2d2a-48cb-b861-f887c91eea5d,jeweled.training,available,8.98,53.98,high,low,7,namecheap,,,18/08/2026 21:10
e49fa22f-7386-4ebb-a2d2-6faa4c01f58a,clubbish.training,available,8.98,53.98,low,low,8,namecheap,,,12/08/2026 12:59
399ed45c-5852-4aa4-bc4c-dcdc5cdbb9a1,papers.training,available,15.99,41.99,high,low,6,namesilo,,,24/09/2026 23:21
ee52176b-b766-4be2-ad93-efc5610cea59,ibrahim.training,available,15.99,41.99,high,low,7,namesilo,,,16/09/2026 16:51
9e57d71a-a30d-4472-ad78-20410b598c74,partners.training,premium,500,,high,low,8,name.com,,,
09773218-1e94-4de4-a89b-dd2c8343d505,unimportant.training,available,21.99,,medium,low,11,name.com,,,
28f55a36-3071-40eb-9900-109efae75713,adience.training,available,8.98,53.98,medium,low,7,namecheap,,,17/09/2026 08:09
07287965-70d7-4895-a3f3-69417a519fa4,cincinnati.training,available,21.99,,high,low,10,name.com,,,
0cdc74b2-c843-4ce7-809b-ada392f19066,happens.training,available,21.99,,medium,low,7,name.com,,,
a1d08a4b-d0f2-475e-9a67-4b173c8a066e,dietary.training,available,8.98,53.98,high,low,7,namecheap,,,08/09/2026 15:41
62a61af1-860c-4286-9755-0d9302ab7866,realistic.training,available,8.98,53.98,high,low,9,namecheap,,,03/09/2026 13:57
2ea7ee9e-82e1-45e0-ab68-b11c9d09a24e,withering.training,available,8.98,53.98,medium,low,9,namecheap,,,
50755406-95ef-491f-a412-d25dbbd619e0,picayune.training,available,8.98,53.98,medium,low,8,namecheap,,,18/08/2026 03:37
107eacd5-33c2-487a-bf8e-e10c2bdc3341,angas.training,available,15.99,41.99,medium,low,5,namesilo,,,19/09/2026 05:46
aae7c55a-6d8c-4f03-acc7-f88a3a7d13cb,andante.training,available,8.98,53.98,medium,low,7,namecheap,,,
f4742de2-e8cb-4efc-9438-013a6e94a696,bristol.training,available,15.99,41.99,high,low,7,namesilo,,,24/09/2026 10:36
c9880012-93ed-47b2-a0f8-91dc87ba40dd,assigned.training,available,8.98,53.98,medium,low,8,namecheap,,,07/08/2026 06:35
087bfc74-a8cb-4afc-9347-b82e8145b6d5,tailed.training,available,8.98,53.98,medium,low,6,namecheap,,,11/09/2026 07:08
19bfb4f3-2e2f-4681-b889-da7891869084,cardiac.training,available,8.98,53.98,high,low,7,namecheap,,,11/08/2026 18:53
ac62715d-56cf-4655-a3c6-9c26d709e582,breaks.training,available,15.99,41.99,medium,low,6,namesilo,,,17/09/2026 22:04
cdea7654-9982-4f24-b699-5313872d2eb8,catty.training,available,8.98,53.98,medium,low,5,namecheap,,,10/08/2026 07:23
ade75952-1a4b-4177-b8ee-8e189e369ad0,contemplation.training,available,15.99,41.99,high,low,13,namesilo,,,16/09/2026 21:40
d4f80ecd-7ad0-42c7-8593-22bbda04714e,resemblance.training,available,21.99,,high,low,11,name.com,,,
e86b5814-f858-4fe0-b62a-53d76fcbd495,bookshop.training,available,15.99,41.99,high,low,8,namesilo,,,24/09/2026 07:16
8de419f9-da80-432f-9cbf-2cb64dec8256,ample.training,available,8.98,53.98,high,low,5,namecheap,,,
cc891d08-7c15-4822-86de-27504b41bcb2,semirigid.training,available,8.98,53.98,medium,low,9,namecheap,,,10/09/2026 03:19
f319cdf1-e76e-4fe3-a71f-c6db6b4f6fa6,unpopular.training,available,8.98,53.98,medium,low,9,namecheap,,,12/09/2026 17:11
a6a686d5-9bf2-41a6-8a12-263d74e15c75,afters.training,available,15.99,41.99,high,low,6,namesilo,,,17/09/2026 15:48
be9fd799-5aff-43c1-be1a-72bcb46b104c,tasks.training,available,21.99,,high,low,5,name.com,,,
28330135-486d-444a-b08d-8e0b35095486,hopefully.training,available,21.99,,high,low,9,name.com,,,
6b108190-f22b-4e1f-9c51-61e7a508587e,bethel.training,available,15.99,41.99,medium,low,6,namesilo,,,23/09/2026 11:13
4bd4d8c7-8a8b-48b1-a2a8-1ad0e96af172,booklet.training,available,15.99,41.99,high,low,7,namesilo,,,24/09/2026 07:06
b18b1c2b-f5c8-438b-8236-e7fa6775144e,generously.training,available,8.98,53.98,high,low,10,namecheap,,,14/09/2026 21:14
2aa54c3b-fc41-4e54-8c9a-92660bc3d0a1,blinking.training,available,15.99,41.99,high,low,8,namesilo,,,22/09/2026 21:58
f49c3f8c-7898-45f8-a38e-1e72c58c9b42,cherished.training,available,8.98,53.98,high,low,9,namecheap,,,12/08/2026 04:13
4b1eed55-99f0-49c4-a916-a5c79ea97c44,comate.training,available,8.98,53.98,low,low,6,namecheap,,,12/08/2026 18:20
99694291-70fd-4750-ac2f-0e92e7bf67a5,unprepared.training,available,8.98,53.98,medium,low,10,namecheap,,,12/09/2026 17:22
8c88efbd-66f2-413a-ab82-28b79a3da289,baden.training,available,15.99,41.99,medium,low,5,namesilo,,,25/09/2026 13:59
b2b167aa-572e-43e9-a1a6-caabdfb3305f,bast.training,available,15.99,41.99,medium,low,4,namesilo,,,22/09/2026 12:38
f6aecad8-18a4-4f30-9214-ddba78cc3d34,asmera.training,available,15.99,41.99,medium,low,6,namesilo,,,20/09/2026 14:30
ab1368d0-b230-498b-a14e-7cc817c9e33b,stooping.training,available,8.98,53.98,medium,low,8,namecheap,,,21/08/2026 15:34
483a4106-1630-461b-9b3b-d1dd69d3ee19,annon.training,available,15.99,41.99,medium,low,5,namesilo,,,19/09/2026 10:29
d30a2f7e-85b4-4202-bfab-eab13c276b54,adhesion.training,available,15.99,41.99,high,low,8,namesilo,,,17/09/2026 07:59
f6c1e6f1-4a8c-4f7e-8176-e2f9cf4eb6ec,carping.training,available,8.98,53.98,medium,low,7,namecheap,,,18/08/2026 00:03
28afe024-7bd5-41bf-b5e6-7e6cdd1b2a46,rna.training,available,15.99,41.99,high,low,3,namesilo,,,25/09/2026 10:20
23011613-204c-4925-b662-8a76fd00bcfe,extravert.training,available,8.98,53.98,high,low,9,namecheap,,,17/08/2026 19:28
f2cd0971-7f86-45a1-bd62-372f9afd7fd7,wintery.training,available,8.98,53.98,medium,low,7,namecheap,,,13/09/2026 12:39
f42c7daf-075d-4f8d-85bf-729e698dec06,untypical.training,available,8.98,53.98,medium,low,9,namecheap,,,07/08/2026 16:10
8f7a7f3c-b3bd-45c3-8ba0-724503fdcb2b,misconduct.training,available,15.99,41.99,high,low,10,namesilo,,,17/09/2026 05:28
34bccad2-8203-4f87-870b-f8b34e1b49fa,syncopated.training,available,8.98,53.98,medium,low,10,namecheap,,,11/09/2026 06:19
ecf1c2fe-a105-4dc1-addb-3d5ab9915955,amount.training,available,15.99,41.99,high,low,6,namesilo,,,25/09/2026 05:06
eb6ecfcc-a327-4514-b6bf-31dfe787377f,rapacity.training,available,15.99,41.99,medium,low,8,namesilo,,,21/09/2026 08:45
38a5b5dd-a783-4514-8251-e8c9656f4797,madagascan.training,available,8.98,53.98,medium,low,10,namecheap,,,24/08/2026 12:55
1730f68e-7326-4a5d-a4c1-29d4c8628443,jutting.training,available,8.98,53.98,medium,low,7,namecheap,,,22/08/2026 14:44
ca74a24f-6ab1-4c4a-8678-e1e2795c4ff5,sister.training,available,15.99,41.99,high,low,6,namesilo,,,26/09/2026 00:18
17bbb18c-4193-4cb2-b631-9290095f7b71,afield.training,available,8.98,53.98,medium,low,6,namecheap,,,13/09/2026 17:59
ad378f88-8d0a-48eb-9407-59154eb2dfb3,relative.training,available,8.98,53.98,high,low,8,namecheap,,,12/08/2026 21:33
8e96402b-58a7-472c-8595-34bc1e2b51e6,aucuba.training,available,15.99,41.99,medium,low,6,namesilo,,,21/09/2026 02:47
0255430e-474a-4d93-bdae-bffc093f7500,favors.training,available,15.99,41.99,high,low,6,namesilo,,,18/09/2026 09:42
0e5313d4-e31c-4c99-ac58-4c00603a0faa,patrick.training,available,15.99,41.99,high,low,7,namesilo,,,25/09/2026 09:49
53948843-de55-4aa8-909a-4f7d10e0bc20,surprisingly.training,available,21.99,,high,low,12,name.com,,,
b13ef867-a7a8-41fa-a6ef-ac408da4b2e5,contaminated.training,available,21.99,,medium,low,12,name.com,,,
7d90163e-6fce-4dfd-8c0d-8365a5dc0871,washout.training,available,8.98,53.98,medium,low,7,namecheap,,,14/08/2026 20:57
03e39ca4-ad49-4766-b083-728d31978bab,grayly.training,available,8.98,53.98,low,low,6,namecheap,,,14/09/2026 22:14
fb4df0c5-386b-424c-9158-1a823cbbd12c,brennan.training,available,15.99,41.99,high,low,7,namesilo,,,25/09/2026 21:53
771ab842-d42d-46c4-be84-a8264fd85d27,crownless.training,available,8.98,53.98,medium,low,9,namecheap,,,13/08/2026 08:38
66a70967-5116-41f8-815d-38e22144c10f,linden.training,available,21.99,52.99,medium,low,6,name.com,,,22/09/2026 12:37
78764cf7-8ba2-472d-8f39-51f0a82954a4,plays.training,available,8.98,53.98,medium,low,5,namecheap,,,18/09/2026 05:50
edf325f3-9e03-4466-9c20-64e6871c39ac,artwork.training,available,21.99,,high,low,7,name.com,,,
f9d0fa9c-63df-4fb2-8ab3-4bb75945fb4c,lend.training,available,21.99,,high,low,4,name.com,,,
7a1a684f-fddb-4b39-a36b-5e13f17f9900,safely.training,available,8.98,53.98,high,low,6,namecheap,,,16/09/2026 00:26
fe024d9f-6e22-4376-86b8-7139adf3d2e4,empty.training,available,15.99,41.99,high,low,5,namesilo,,,24/09/2026 13:56
b26e6f28-9d3b-4680-8a4b-a1fa0ce5072b,backgrounds.training,available,8.98,53.98,medium,low,11,namecheap,,,20/09/2026 22:12
10be20c6-6852-4a28-a41a-cab0891ee39a,pitt.training,available,8.98,53.98,high,low,4,namecheap,,,25/09/2026 06:04
dac6d934-5ead-4a31-b6a8-7d2c990f986d,herewith.training,available,8.98,53.98,medium,low,8,namecheap,,,15/09/2026 00:27
0a659cab-4ecb-4e87-a47c-19a5745d6e17,potato.training,available,21.99,,high,low,6,name.com,,,
6fb608f2-568a-45e4-8615-eee486d72662,previous.training,available,21.99,,high,low,8,name.com,,,
94736ad0-f821-4d37-8dfd-7faec0999c8a,shot.training,available,15.99,41.99,high,low,4,namesilo,,,23/09/2026 13:53
94e94740-97c7-4f45-a94e-00556fe7e947,asphodelus.training,available,15.99,41.99,medium,low,10,namesilo,,,20/09/2026 15:09
5b6e17eb-5f67-4c03-826e-4a7321c19017,meuse.training,available,15.99,41.99,medium,low,5,namesilo,,,20/09/2026 04:35
19c646d5-eeae-4dbf-a456-23e352ae420f,diseases.training,available,15.99,41.99,low,low,8,namesilo,,,17/09/2026 16:41
7845e3ea-d2b0-4a7c-bc5d-eca646b85193,endocrine.training,available,8.98,53.98,high,low,9,namecheap,,,17/08/2026 01:00
5390e888-14a2-4fbe-be64-f51061f3338f,anunnaki.training,available,15.99,41.99,medium,low,8,namesilo,,,19/09/2026 15:51
2ff447d6-cfff-4eba-8841-7855dd8f962a,autochthon.training,available,15.99,41.99,medium,low,10,namesilo,,,21/09/2026 06:02
9ac4f18c-a96d-45a6-a3ea-bd685c04b42f,become.training,available,21.99,,high,low,6,name.com,,,
8a1caff9-adcd-449f-8509-f88caddb8b2e,burry.training,available,8.98,53.98,medium,low,5,namecheap,,,08/08/2026 17:29
f13e7bcd-caa2-4be1-afcc-e1ae2269b24e,anchorite.training,available,15.99,41.99,medium,low,9,namesilo,,,19/09/2026 03:44
7699cb4a-ea65-4e98-8506-02b484c16284,rely.training,available,21.99,,high,low,4,name.com,,,
394d6eeb-c4e3-4655-8136-fb76296e7d29,armoracia.training,available,15.99,41.99,medium,low,9,namesilo,,,20/09/2026 07:23
ede379b9-486d-48ec-8edc-650674692a30,perfected.training,available,8.98,53.98,high,low,9,namecheap,,,27/09/2026 03:35
ba5db97b-612f-4531-95a6-b182b56685c1,microbial.training,available,8.98,53.98,medium,low,9,namecheap,,,08/09/2026 09:41
9c6eb706-05a3-4c92-8672-e3d18634231b,different.training,available,15.99,41.99,high,low,9,namesilo,,,24/09/2026 08:12
72fa607e-32eb-40a5-9733-dbbb54fe9c7b,firstly.training,available,15.99,41.99,medium,low,7,namesilo,,,24/09/2026 18:41
4bec69c1-c93b-4b42-9d2e-3faf9e25e353,abbot.training,available,15.99,41.99,medium,low,5,namesilo,,,16/09/2026 14:31
f838fb14-168f-4cd8-bc16-747dfca63d02,disagree.training,available,21.99,,high,low,8,name.com,,,
50afaaf1-a2c4-4448-822b-d9beb8a37667,capture.training,available,8.98,53.98,high,low,7,namecheap,,,24/09/2026 12:42
9be5022c-f7a5-4fb0-9b73-0860509ed7a5,bce.training,available,21.99,,high,low,3,name.com,,,
f57a68bb-0da6-4fbc-a07f-ced762fcb000,unseen.training,available,8.98,53.98,high,low,6,namecheap,,,12/09/2026 16:05
59036b63-4c42-4e0b-b8d8-ed7bd46ab604,agene.training,available,15.99,41.99,medium,low,5,namesilo,,,17/09/2026 17:07
f7b239b1-1285-40ca-872e-ab1285c79007,wolfbane.training,available,15.99,41.99,medium,low,8,namesilo,,,17/09/2026 02:09
233cf515-46b8-4116-81a4-bf975434f885,uppercase.training,available,15.99,41.99,high,low,9,namesilo,,,25/09/2026 16:20
547bdd8f-5ef1-4360-a653-c8c3225361db,sluicing.training,available,8.98,53.98,medium,low,8,namecheap,,,10/09/2026 11:31
ee2a96a8-4504-416d-845c-4cf9bb3c4b5f,semiotic.training,available,8.98,53.98,medium,low,8,namecheap,,,10/09/2026 03:13
1a8062ed-e397-4438-a69a-0adbeaac0769,vacantly.training,available,8.98,53.98,low,low,8,namecheap,,,16/09/2026 10:32
20ee81a5-a1a0-4121-9911-78878fcfb923,parted.training,available,8.98,53.98,high,low,6,namecheap,,,08/09/2026 01:57
2d279670-36df-48b4-ab71-2f94cbd26c52,worm.training,available,21.99,,high,low,4,name.com,,,
87fd431d-4ebf-4632-a900-ec30698eae0c,toothy.training,available,8.98,53.98,medium,low,6,namecheap,,,11/09/2026 17:20
c808d895-c969-4aab-80e9-6f9eab6da255,bandstand.training,available,15.99,41.99,high,low,9,namesilo,,,22/09/2026 01:32
387b6231-cf2e-40bd-813f-fa6ff44197d3,retrovir.training,available,15.99,41.99,medium,low,8,namesilo,,,21/09/2026 11:31
34116a2f-fb69-497a-a187-eaebf0073acb,primes.training,available,15.99,41.99,medium,low,6,namesilo,,,20/09/2026 11:21
e82e0582-872e-4d0e-8e77-5304d209750d,subnormal.training,available,8.98,53.98,medium,low,9,namecheap,,,11/09/2026 00:28
e54ce93f-fc8f-48b2-99f6-94b01c432d03,regally.training,available,8.98,53.98,medium,low,7,namecheap,,,15/09/2026 22:55
f7cfba16-3a2b-4eee-9178-14853b1d17ea,donatus.training,available,8.98,53.98,medium,low,7,namecheap,,,17/09/2026 12:26
472dcf29-f753-4b4e-8d4e-532488f3255b,edentulous.training,available,8.98,53.98,medium,low,10,namecheap,,,15/08/2026 08:36
f53d62f1-ba37-485a-ae7a-c64db3471d82,amusive.training,available,8.98,53.98,high,low,7,namecheap,,,
cfe8f25d-92f8-411b-9c2a-4ea92448392b,tatum.training,available,15.99,41.99,high,low,5,namesilo,,,20/09/2026 10:00
2d0f19e8-75f7-4a50-a4c5-4f7e121e3459,minoan.training,available,8.98,53.98,medium,low,6,namecheap,,,24/08/2026 23:59
8ee31849-4bb2-44a2-8fe8-f26959f82617,tycoon.training,available,15.99,41.99,high,low,6,namesilo,,,23/09/2026 14:18
c7f677b8-61fd-4740-9115-e4e1f6897923,unsweet.training,available,8.98,53.98,low,low,7,namecheap,,,10/09/2026 01:07
23080557-3cfe-43e6-88e7-791a43805a7d,accountants.training,premium,118.8,118.8,medium,low,11,namesilo,,,20/09/2026 02:26
7c617d9a-c020-4896-94ee-2b21039b7b8a,anshar.training,available,15.99,41.99,medium,low,6,namesilo,,,19/09/2026 12:12
8bd33e95-5ef1-422b-b521-a10e670260d2,forecast.training,available,15.99,41.99,high,low,8,namesilo,,,21/09/2026 03:40
08029bcc-8eed-48a6-b3ac-400cb83bbd60,gusts.training,available,15.99,41.99,medium,low,5,namesilo,,,20/09/2026 20:54
59744782-6ed7-4a42-8593-bb04103dee10,rehabs.training,available,15.99,41.99,medium,low,6,namesilo,,,20/09/2026 09:43
df0d3898-fc44-464d-8d61-6d7681ca7194,moistness.training,available,21.99,52.99,medium,low,9,name.com,,,13/08/2026 16:47
6f88fdbd-faf4-4654-89ac-884355868f8a,decrepit.training,available,8.98,53.98,medium,low,8,namecheap,,,13/08/2026 05:40
696f3b93-8b18-411e-9d38-851485f25f0d,dates.training,available,15.99,41.99,high,low,5,namesilo,,,18/09/2026 18:40
0e7108d3-6a57-48a9-8526-e05f58b1b3ee,macbook.training,available,,,high,high,7,,,,
79ce2002-b0f9-485d-afc6-a910ce69290a,outdo.training,available,8.98,53.98,high,low,5,namecheap,,,09/08/2026 17:43
b8071fc4-504f-4ab8-92a7-74de72dbde00,polyphase.training,available,8.98,53.98,medium,low,9,namecheap,,,03/09/2026 10:52
b61067fc-3ded-421f-be9a-189cea82f260,abortive.training,available,8.98,53.98,medium,low,8,namecheap,,,
aae77e19-f3e0-4833-9ee9-2f88e66a01f6,wroth.training,available,8.98,53.98,medium,low,5,namecheap,,,13/09/2026 13:38
1005e3b2-50fe-4309-995a-df6d70eb0cfc,purposely.training,available,8.98,53.98,medium,low,9,namecheap,,,13/09/2026 17:36
78384052-190a-44f9-a9a7-922648a7a2f1,starkers.training,available,8.98,53.98,low,low,8,namecheap,,,10/09/2026 18:51
70f77ef8-050f-4de7-ad62-aacc15d6806e,neumann.training,available,15.99,41.99,high,low,7,namesilo,,,25/09/2026 23:19
53bc6a5b-0082-49e9-ab42-2da4cc6757f3,weather.training,premium,512,512,high,medium,7,namesilo,,,23/09/2026 02:29
13ebae99-7973-4c94-a0b7-018f933c63ce,daylong.training,available,21.99,52.99,medium,low,7,name.com,,,13/08/2026 18:51
14d035fe-a2c8-4537-b8ef-1878c33a51b7,apeldoorn.training,available,15.99,41.99,medium,low,9,namesilo,,,19/09/2026 16:24
60c9e99f-7a94-4c9d-9982-de8e96d6878a,walton.training,available,8.98,53.98,high,low,6,namecheap,,,25/09/2026 05:07
5f3bf2e7-fba6-4c26-a7b1-edf85c540573,vegetarian.training,available,21.99,,high,low,10,name.com,,,
6c0819be-f6db-495f-a8e8-5dc7c2a99a14,netlike.training,available,8.98,53.98,medium,low,7,namecheap,,,03/09/2026 16:00
a5a0c434-6b35-4caa-9145-c276af5cc92a,heighten.training,available,8.98,53.98,high,low,8,namecheap,,,12/08/2026 19:31
a525e71c-7f0d-4bef-a865-0597cfebb6cb,facetious.training,available,8.98,53.98,medium,low,9,namecheap,,,08/08/2026 14:39
1a2bb243-e500-4715-81fb-e008d9c44cca,christopher.training,available,8.98,53.98,high,low,11,namecheap,,,25/09/2026 13:15
274108e5-e843-403a-833e-6d5aa3d3ab76,alabaman.training,available,15.99,41.99,medium,low,8,namesilo,,,18/09/2026 01:35
3ecadc1e-bda4-44c3-8fe2-994a0a7b8c7a,barbara.training,available,15.99,41.99,high,low,7,namesilo,,,25/09/2026 11:55
dcfeb873-34d8-4ab0-88b5-34117dbcf949,profoundly.training,available,8.98,53.98,high,low,10,namecheap,,,14/09/2026 11:16
d1e8febb-c3e3-4ec3-afcf-c400d1df7cc8,grating.training,available,8.98,53.98,high,low,7,namecheap,,,20/08/2026 18:26
605fe123-5b38-4252-96ae-96fe58f6bcc6,stratified.training,available,8.98,53.98,medium,low,10,namecheap,,,09/08/2026 06:36
2ddd8981-25fb-43e1-b156-bce184555082,starvation.training,available,8.98,53.98,medium,low,10,namecheap,,,10/09/2026 19:06
db356591-d554-41ee-bd92-47f77f51f5ff,benzyl.training,available,15.99,41.99,high,low,6,namesilo,,,23/09/2026 09:03
9447e47c-bf94-4323-bb5e-1e5ddb0f6b01,ablative.training,available,8.98,53.98,medium,low,8,namecheap,,,
f84a855c-a42d-4fc8-80fa-2218e9505e48,hepatic.training,available,8.98,53.98,medium,low,7,namecheap,,,21/08/2026 06:47
a7f3173b-4e94-4522-8431-ea74739cb6cc,handbasket.training,available,15.99,41.99,medium,low,10,namesilo,,,22/09/2026 11:03
80e2fff0-5977-4edb-8c31-97295ecbc19a,cretaceous.training,available,8.98,53.98,medium,low,10,namecheap,,,13/08/2026 06:22
a9efcd4e-ff50-440e-a500-84b9aa87884e,smarmy.training,available,8.98,53.98,medium,low,6,namecheap,,,11/08/2026 11:46
1ff38180-2849-4e58-b03a-50716b24895d,recognizable.training,available,21.99,,high,low,12,name.com,,,
9ec9e049-aee4-4537-90da-37006f37c370,poriferous.training,available,8.98,53.98,medium,low,10,namecheap,,,08/09/2026 23:59
08e753f5-9447-429e-8fb4-2f5a22122a92,unfathomed.training,available,8.98,53.98,medium,low,10,namecheap,,,12/09/2026 09:57
860d8a8f-4900-410d-8f23-50f4ae6291d3,expository.training,available,8.98,53.98,high,low,10,namecheap,,,17/08/2026 18:39
bfad057d-cb09-49a2-94d3-0b48d7955e18,harrington.training,available,15.99,41.99,high,low,10,namesilo,,,25/09/2026 12:26
40203fae-3c3e-4276-a6c2-26a50f598655,hans.training,available,21.99,,high,low,4,name.com,,,
de8d8815-8e6c-4edb-aaa9-3010a6fa6c7d,peacock.training,available,,,high,high,7,,,,
203b518d-4d5b-4678-b0ad-f2e009a15460,endermic.training,available,8.98,53.98,medium,low,8,namecheap,,,17/08/2026 00:56
0bab5dfb-416d-40f9-8fe3-b18a72c9b4da,unrepaired.training,available,8.98,53.98,medium,low,10,namecheap,,,12/09/2026 18:17
96de7002-24e7-4de8-a8d4-66578b65a273,sinners.training,available,21.99,,medium,low,7,name.com,,,
9e63863c-874b-4ed4-88c6-4ad7e25da2e6,shore.training,available,15.99,41.99,high,low,5,namesilo,,,26/09/2026 00:07
d769fc5d-8067-40a0-bb45-3975582f3cc0,malevolent.training,available,8.98,53.98,medium,low,10,namecheap,,,24/08/2026 13:52
fbc8468d-b03f-45ce-9d82-91cd518f1b11,erotically.training,available,8.98,53.98,medium,low,10,namecheap,,,14/09/2026 15:58
35b1f528-666f-4847-a714-4235f10c9ea3,homo.training,available,8.98,53.98,high,low,4,namecheap,,,18/08/2026 20:57
1f04175c-5f32-4dce-8c66-e60a3965ea20,ruse.training,available,15.99,41.99,medium,low,4,namesilo,,,20/09/2026 11:33
44a0156e-f7ec-4c75-8d41-b6f5303cca10,celiac.training,available,8.98,53.98,medium,low,6,namecheap,,,11/08/2026 23:23
924e309f-c29e-41f1-a918-0d0e2c447454,furtive.training,available,8.98,53.98,medium,low,7,namecheap,,,08/08/2026 06:32
6f55c1e2-56f3-4629-8dab-3ae1bad80642,bias.training,available,8.98,53.98,medium,low,4,namecheap,,,09/08/2026 18:35
4d9a167d-a2cc-47dd-ab2f-a00f7cef4bc5,godfrey.training,available,8.98,53.98,high,low,7,namecheap,,,25/09/2026 18:26
d0a0ca49-27cc-4361-be34-ec68399c1eb2,anura.training,available,15.99,41.99,medium,low,5,namesilo,,,19/09/2026 15:53
2dfffc2f-5112-46b6-9993-ba3cb7d3c589,bellflower.training,available,8.98,53.98,high,low,10,namecheap,,,23/09/2026 06:06
439c83c2-4cb8-4736-83a6-9b0c4bccccac,nightfall.training,available,8.98,53.98,high,low,9,namecheap,,,11/09/2026 21:44
63536871-2243-40f6-8cc6-6f2a8b32488c,arsonist.training,available,8.98,53.98,medium,low,8,namecheap,,,22/08/2026 00:55
735c32e0-0b58-4f44-94b7-16ccb37cabac,april.training,available,,,high,medium,5,,,,
5eee1bdd-22c0-4cc9-8124-305ca46b836b,humanities.training,available,21.99,,high,low,10,name.com,,,
ccbff65a-4e3a-4e39-bf40-1ec7c4c71380,throngs.training,available,15.99,41.99,medium,low,7,namesilo,,,20/09/2026 14:21
94751b08-ac7d-4918-ae57-ae8629212c06,abdias.training,available,15.99,41.99,medium,low,6,namesilo,,,16/09/2026 14:41
5a29149d-4308-4b72-90b3-2887e006792d,indemnity.training,available,15.99,41.99,medium,low,9,namesilo,,,18/09/2026 18:43
8d1f2c33-0ae0-4649-a333-0c2f963d103b,acheta.training,available,15.99,41.99,medium,low,6,namesilo,,,17/09/2026 00:33
d5d3a346-3843-443c-bb71-8a481ba0c58b,collection.training,resell,,,high,low,10,"GoDaddy.com, LLC",08/04/2014 22:50,08/04/2027 22:50,26/09/2026 05:06
18de5503-06c8-4da0-932c-1dfc1a60f159,tattler.training,available,8.98,53.98,medium,low,7,namecheap,,,11/09/2026 10:30
16776e5b-6542-4416-ac68-bd69befa5287,tell.training,available,21.99,,high,low,4,name.com,,,
ccc2dc67-a5f7-4e3d-ac94-255a48222456,draining.training,available,8.98,53.98,medium,low,8,namecheap,,,14/08/2026 18:19
d9ae2faf-d70a-4bb4-a0d3-df3563397e48,pensacola.training,available,15.99,41.99,high,low,9,namesilo,,,25/09/2026 23:59
d4f03fbc-3f41-4b96-8593-1b5022358432,barrack.training,available,15.99,41.99,medium,low,7,namesilo,,,22/09/2026 07:48
fd7add2e-1a09-4250-9bed-b49d49a6d6eb,draped.training,available,8.98,53.98,medium,low,6,namecheap,,,14/08/2026 18:23
1ea3546d-0dbd-472f-82a6-8b0f5da12c40,stately.training,available,8.98,53.98,high,low,7,namecheap,,,08/08/2026 20:22
1165820c-8f72-4882-8095-4ada52eaaa73,grinning.training,available,21.99,,high,low,8,name.com,,,
cb36ef5c-b667-4cea-b5fe-e7811f46e711,beery.training,available,8.98,53.98,medium,low,5,namecheap,,,09/08/2026 08:12
396ad700-1406-4dee-8aa3-e1a7c5bafe3d,hereabout.training,available,8.98,53.98,medium,low,9,namecheap,,,15/09/2026 00:18
55967529-6e69-4556-8cb7-b58744e1d1c3,phocine.training,available,8.98,53.98,medium,low,7,namecheap,,,08/09/2026 18:58
6a760616-8666-47a5-8944-239689332947,beetle.training,available,8.98,53.98,high,low,6,namecheap,,,09/08/2026 08:17
e1aa965e-07ad-4751-9740-00dedb841211,columnar.training,available,8.98,53.98,medium,low,8,namecheap,,,12/08/2026 18:14
cac4c74b-1fcd-4bd6-8da3-35f0d5bf7a3d,snidely.training,available,8.98,53.98,low,low,7,namecheap,,,16/09/2026 03:18
75d71b43-0e2d-4751-a15c-6aede706c5f0,sakharov.training,available,15.99,41.99,medium,low,8,namesilo,,,19/09/2026 04:30
cc35f445-c12f-481f-a897-c2e7bcbff2de,racing.training,premium,242,242,high,low,6,namesilo,,,
6c71d547-33eb-440d-b680-0be29d76c638,alkeran.training,available,15.99,41.99,medium,low,7,namesilo,,,18/09/2026 08:31
63876a0a-8016-432c-b9c2-f57407dd9ba8,bought.training,available,21.99,,high,low,6,name.com,,,
278855b4-8960-431f-8188-3e75cd0fb576,injury.training,available,15.99,41.99,high,low,6,namesilo,,,25/09/2026 06:58
0643509f-a9ec-4865-ae99-09ca204199e5,comestible.training,available,8.98,53.98,medium,low,10,namecheap,,,12/08/2026 18:45
ec22c606-d66a-408e-918b-bf89fd4b5b99,bremen.training,available,15.99,41.99,high,low,6,namesilo,,,25/09/2026 21:59
58cd9368-b3b2-4d5f-a7aa-fc9efdb252fc,legalise.training,available,8.98,53.98,high,low,8,namecheap,,,22/08/2026 23:07
29112a54-c94b-4b0b-8a54-d15e2221012b,attractive.training,available,8.98,53.98,high,low,10,namecheap,,,22/09/2026 11:44
c64f4813-6185-46ae-b1a8-3df23b48a1cb,endemical.training,available,8.98,53.98,medium,low,9,namecheap,,,17/08/2026 00:53
5600b5a7-825b-43a6-a1b0-cc6b42b35a51,flack.training,available,8.98,53.98,medium,low,5,namecheap,,,
ea58117e-ad8d-47bf-87a6-19135bbb7065,gross.training,available,8.98,53.98,high,low,5,namecheap,,,24/09/2026 13:05
f188ba08-7efa-4e7a-a904-f3e7bf9fedac,ferial.training,available,8.98,53.98,medium,low,6,namecheap,,,18/08/2026 01:56
3ccf6dae-7b83-4753-9539-e41090fd676c,ocular.training,available,8.98,53.98,high,low,6,namecheap,,,04/09/2026 00:41
4959e415-ba19-4379-9cce-096fd691a67c,proustian.training,available,8.98,53.98,medium,low,9,namecheap,,,09/09/2026 04:22
e32934d6-5ef4-4a1c-9aa5-c0fe4117b39f,dully.training,available,8.98,53.98,low,low,5,namecheap,,,14/09/2026 14:43
0d2ad9b2-9659-4215-95aa-25fd75dd4987,candle.training,available,21.99,,high,low,6,name.com,,,
27025420-98a4-4cea-bd5a-e73daa282a06,arguably.training,available,8.98,53.98,medium,low,8,namecheap,,,13/09/2026 20:45
65773e09-ff75-47a5-977e-06f990dc28be,virtually.training,resell,,,high,low,9,GoDaddy Online Services Cayman Islands Ltd.,27/08/2015 00:41,27/08/2027 00:41,26/09/2026 10:00
d9946248-1623-4434-b4b8-1b5b5c40806f,assegai.training,available,15.99,41.99,medium,low,7,namesilo,,,20/09/2026 15:40
96775d65-195a-4698-98b0-2003bec7ce5e,broken.training,available,15.99,41.99,high,low,6,namesilo,,,23/09/2026 09:56
916716fc-8a02-45c9-8860-aff41d5d8c4c,implanted.training,available,8.98,53.98,medium,low,9,namecheap,,,13/08/2026 22:47
f5ecb0fd-f380-48cd-93e5-fc122614fc75,shady.training,available,8.98,53.98,high,low,5,namecheap,,,18/08/2026 09:37
7c212b43-03f4-4c69-bfb5-82e44fbaaf10,ironlike.training,available,8.98,53.98,medium,low,8,namecheap,,,22/08/2026 10:10
8be3edeb-e674-4eb3-b070-4cf5096c5d02,talismanic.training,available,8.98,53.98,high,low,10,namecheap,,,11/09/2026 07:30
5e3bd2b6-28df-455c-8b7b-d64ff3ee4fcc,stria.training,available,15.99,41.99,medium,low,5,namesilo,,,22/09/2026 01:18
571fa061-3858-44c4-8189-20704114bce4,affirmable.training,available,8.98,53.98,medium,low,10,namecheap,,,
94b29766-81a1-46f9-8cd8-5d331a95dcda,jot.training,premium,78.54,78.54,high,low,3,namesilo,,,
6d0515c5-1879-4462-abcf-5d07a2df9ed1,fernando.training,available,15.99,41.99,high,low,8,namesilo,,,25/09/2026 14:20
c8bb76f1-ee09-4851-9aee-45a955394fd4,barium.training,available,15.99,41.99,high,low,6,namesilo,,,20/09/2026 23:19
fe18e19b-6c12-4d23-90c3-14dcbf48188d,joshua.training,available,15.99,41.99,high,low,6,namesilo,,,24/09/2026 06:58
88bde405-9120-49c7-b9d6-3a0db49f780b,oyster.training,available,21.99,,high,low,6,name.com,,,
6186b3bd-c374-45e5-89c3-f2ebdf7b4874,alertly.training,available,8.98,53.98,medium,low,7,namecheap,,,13/09/2026 18:40
8d8c19d2-d70a-4e41-b3c1-5b4ed6e518a8,applewood.training,available,15.99,41.99,medium,low,9,namesilo,,,19/09/2026 21:44
59ac76ff-626a-47e2-9bb7-96529e4543d3,spic.training,available,8.98,53.98,medium,low,4,namecheap,,,21/08/2026 20:44
cec72e5f-5cdf-4835-a916-52621ba9aee7,facts.training,available,8.98,53.98,high,low,5,namecheap,,,23/09/2026 17:41
b70f4ec4-f173-4858-a040-e8fb2bd4b817,termed.training,available,15.99,41.99,medium,low,6,namesilo,,,19/09/2026 00:21
8ec5c27f-a6d0-4f0c-bc4d-44b1462c11c9,sassy.training,available,8.98,53.98,high,low,5,namecheap,,,04/09/2026 20:24
0b5f396e-9db4-4cb8-a412-1a357f1fcaa1,snapped.training,available,15.99,41.99,medium,low,7,namesilo,,,18/09/2026 06:52
79e8bc23-cd2d-4a0c-983a-41cc4e707271,larghetto.training,available,8.98,53.98,medium,low,9,namecheap,,,22/08/2026 19:57
7c6c236c-c947-49c7-ab23-8a3c8135f696,frore.training,available,8.98,53.98,low,low,5,namecheap,,,18/08/2026 16:21
ca5edc7b-1fe0-4476-94b2-0a5f8fc43fd8,headline.training,available,21.99,,high,low,8,name.com,,,
3e0bc121-ba7c-4c6b-bffb-ea9efcde228f,royally.training,available,8.98,53.98,medium,low,7,namecheap,,,15/09/2026 12:01
430f274a-8521-4a44-a323-030f60cac0eb,isothermal.training,available,8.98,53.98,medium,low,10,namecheap,,,22/08/2026 11:22
7874538a-093c-4541-ac27-a81dcda2040d,uuh.training,available,15.99,41.99,medium,low,3,namesilo,,,20/09/2026 22:22
588bb0aa-9d4a-4b9d-a4dd-ac88464a4e5d,spiffy.training,available,21.99,52.99,high,low,6,name.com,,,13/08/2026 17:36
cf7f78fd-e4e4-48b5-a0ee-043d6612f53a,snobbish.training,available,8.98,53.98,medium,low,8,namecheap,,,12/08/2026 11:21
78c53cd4-cbcd-4793-bc45-5c660d4409fd,anoa.training,available,15.99,41.99,medium,low,4,namesilo,,,19/09/2026 11:10
ea2bd79a-d917-4558-a184-6909436258fe,housman.training,available,15.99,41.99,medium,low,7,namesilo,,,16/09/2026 12:57
1a4d74da-6c5a-4062-be89-5407d4a7b7c3,goonie.training,available,15.99,41.99,medium,low,6,namesilo,,,23/09/2026 23:45
263f79d7-3426-4822-a51d-518833949602,critically.training,available,21.99,,medium,low,10,name.com,,,
df461620-cbee-4872-a69c-14ee21c5f743,oscine.training,available,8.98,53.98,medium,low,6,namecheap,,,04/09/2026 18:11
79d1a815-7a4d-45f7-b08c-fe30dd670291,correct.training,available,15.99,41.99,high,low,7,namesilo,,,23/09/2026 23:33
e2a60f71-b7f3-4e1d-ad4d-a7d5c1164027,journal.training,available,8.98,53.98,high,low,7,namecheap,,,19/09/2026 18:05
9d25ca8d-1b70-4667-a98e-7956baaf3de1,impede.training,available,8.98,53.98,medium,low,6,namecheap,,,21/08/2026 09:28
6b5add70-25b4-4ecc-a64d-1cec12a2a6d7,initially.training,available,21.99,,high,low,9,name.com,,,
5e565f0c-d227-461c-a3ea-c3ffd5f16ed6,nerve.training,available,15.99,41.99,high,low,5,namesilo,,,25/09/2026 23:41
fae3639a-f213-464f-bca2-9e0c4792a22e,racehorse.training,available,21.99,52.99,high,low,9,name.com,,,22/09/2026 01:58
f6d952c8-634b-44b1-8fb3-2d7a83e037e7,barkeeper.training,available,8.98,53.98,medium,low,10,namecheap,,,22/09/2026 06:23
26b19b83-e898-44db-9f9a-30a09e26f650,euclidean.training,available,8.98,53.98,medium,low,9,namecheap,,,17/08/2026 14:06
da2b63b8-50f0-474a-a008-3137dae662c5,inheriting.training,available,8.98,53.98,medium,low,10,namecheap,,,22/08/2026 05:04
8207d797-35e3-4c0c-b064-a14a503c2ed0,energising.training,available,8.98,53.98,medium,low,10,namecheap,,,17/08/2026 06:43
c211d261-8cc0-44c2-84fa-040cb1ca15bc,abruptly.training,available,21.99,52.99,medium,low,8,name.com,,,13/08/2026 19:17
1fa05ae9-4ae8-4c59-ab4b-3f134698649f,inharmonic.training,available,8.98,53.98,low,low,10,namecheap,,,14/08/2026 10:54
a512732d-312d-4df2-854b-e318f6b131f6,complicated.training,available,21.99,,high,low,11,name.com,,,
f1a37433-9f43-413d-a119-21b51e3e0029,gray.training,available,15.99,41.99,high,low,4,namesilo,,,24/09/2026 22:57
2b19e0f9-60bc-4d11-a067-d02c90fc9155,mastoid.training,available,8.98,53.98,medium,low,7,namecheap,,,24/08/2026 16:48
2ae721aa-b26f-4340-b460-dca554117316,trendy.training,available,8.98,53.98,high,low,6,namecheap,,,11/09/2026 19:19
e5355c15-3153-4136-974d-ba56e462ad4f,goodenough.training,available,21.99,,high,low,11,name.com,,,
8a53922d-b136-483a-a27b-33be6c879e90,samba.training,available,15.99,41.99,high,low,5,namesilo,,,20/09/2026 04:00
3146fb55-0019-4e2d-b78f-c5c18800362d,attention.training,resell,,,high,low,9,"Spaceship, Inc.",12/02/2026 06:19,12/02/2027 06:19,26/09/2026 04:07
74faff4b-249d-4633-bc72-6b29be17ed3a,blackwash.training,available,15.99,41.99,medium,low,9,namesilo,,,20/09/2026 15:47
2f758f88-c818-4030-883e-c43bd32d91f2,bicycle.training,premium,242,242,high,low,7,namesilo,,,27/09/2026 03:10
013c2724-8a58-4a50-bc79-49983b88364a,outmost.training,available,8.98,53.98,high,low,7,namecheap,,,04/09/2026 19:19
c3d1fb3e-d8e4-4f19-a5d4-ffcc8e799ed9,atticus.training,available,15.99,41.99,high,low,7,namesilo,,,21/09/2026 01:46
f2d8af97-437b-4b48-b829-8c304b2dc949,barbarossa.training,available,15.99,41.99,medium,low,10,namesilo,,,22/09/2026 04:31
527fb69f-0c5d-484c-bc3b-fc1cab58d016,clunk.training,available,8.98,53.98,medium,low,5,namecheap,,,11/09/2026 15:10
ff434b35-54bd-49b1-a00d-25b5909975c2,saviour.training,available,15.99,41.99,high,low,7,namesilo,,,24/09/2026 14:50
c322e071-4317-4444-a68b-4a7d5be0851d,algiers.training,available,15.99,41.99,medium,low,7,namesilo,,,18/09/2026 06:59
dba8815c-0940-417c-af34-aee4494ffdba,xxvi.training,available,15.99,41.99,medium,low,4,namesilo,,,21/09/2026 12:52
9682aa82-135e-4133-b07e-77db8ac815ad,dud.training,premium,82.5,82.5,high,low,3,name.com,,,14/08/2026 20:55
730f3afe-b784-44fd-93fc-855e02fef8be,quick.training,resell,,,high,medium,5,Squarespace Domains II LLC,26/06/2018 00:42,26/06/2027 00:42,26/09/2026 08:27
e0180e8e-c663-4b3c-84a3-4744329c16fc,jovial.training,available,8.98,53.98,high,low,6,namecheap,,,22/08/2026 13:42
3f5559ad-ad9e-4fea-a241-8f191a3f385d,pliable.training,available,15.99,41.99,medium,low,7,namesilo,,,19/09/2026 14:13
aecf41ea-a123-47f8-b3d6-ca6ae2c49a37,riant.training,available,8.98,53.98,medium,low,5,namecheap,,,22/08/2026 20:55
3e552d4f-d549-4c17-8c3a-557fbd057d15,unkept.training,available,8.98,53.98,medium,low,6,namecheap,,,12/09/2026 14:09
62cd5e8a-e39d-4240-bbfe-24255d50d7a5,rutty.training,available,8.98,53.98,medium,low,5,namecheap,,,09/09/2026 20:24
50db5cd3-44ea-43b7-af9b-91a1836bfa56,biophysics.training,available,8.98,53.98,high,low,10,namecheap,,,23/09/2026 18:50
2b6c3309-0a8b-4a9a-92d6-d605184ffbe8,than.training,available,21.99,,high,low,4,name.com,,,
edfdd38c-2de7-45f9-bd2d-85efe006eb8b,blackcock.training,available,15.99,41.99,medium,low,9,namesilo,,,24/09/2026 00:30
bf379156-5d1d-4274-accd-c99dd977d0d5,allophonic.training,available,8.98,53.98,medium,low,10,namecheap,,,
69aeb7ec-8609-4d8a-a5d5-60f3c78cc999,accuser.training,available,21.99,,medium,low,7,name.com,,,
55d0d9dd-8d7f-426e-8a4e-5846071b9d8d,natal.training,available,8.98,53.98,medium,low,5,namecheap,,,03/09/2026 13:37
d5f9ccd8-9608-4707-9515-99a51b9aea54,frozen.training,available,8.98,53.98,high,low,6,namecheap,,,24/09/2026 19:29
191aebda-6c62-4024-9a19-ecfc0226c9d3,decided.training,available,8.98,53.98,high,low,7,namecheap,,,13/08/2026 21:20
118ee94c-6cbb-4ec7-8b80-6352004e7c10,sainted.training,available,8.98,53.98,high,low,7,namecheap,,,
4a40785c-7d91-4d13-99c9-f742ab77cfbc,threads.training,available,15.99,41.99,high,low,7,namesilo,,,25/09/2026 00:19
c2f66478-a7d6-49dc-968d-153214ce2136,godless.training,available,8.98,53.98,medium,low,7,namecheap,,,20/08/2026 16:02
88969d9c-e030-416a-9813-97ac09a5715c,overlook.training,available,21.99,,high,low,8,name.com,,,
2ae7513d-d451-4441-bb41-7f7b6c1bee12,brim.training,available,8.98,53.98,high,low,4,namecheap,,,24/09/2026 10:24
73fada0e-1a58-46de-8b64-7c40f9dd3a67,stupidly.training,available,8.98,53.98,medium,low,8,namecheap,,,14/09/2026 13:43
2d873708-d482-46e8-93af-26d981cbcf9b,taxpaying.training,available,8.98,53.98,medium,low,9,namecheap,,,11/09/2026 09:32
e1793b42-f66f-4af6-b344-58971de05124,digitizer.training,available,8.98,53.98,high,low,9,namecheap,,,19/09/2026 01:49
707c54bd-5a3a-419d-af22-d4942ce0d0b6,utterly.training,available,21.99,,high,low,7,name.com,,,
e58b6bf1-f0de-4bb1-8988-4eea9a8eec70,blake.training,available,15.99,41.99,high,low,5,namesilo,,,24/09/2026 03:45
37f4afda-7d69-4931-a110-e70e857edd0c,atoll.training,available,15.99,41.99,high,low,5,namesilo,,,20/09/2026 21:52
af4b1583-2c4e-4d4d-b21f-13726026157b,garcia.training,available,8.98,53.98,high,low,6,namecheap,,,25/09/2026 20:50
b5e1034c-5732-48c7-b159-66d5a22d5155,panes.training,available,21.99,,medium,low,5,name.com,,,
31d7e85c-99cc-4853-8123-9f44d2bcd996,landing.training,available,21.99,,high,low,7,name.com,,,
80f7d235-6180-4282-a4cb-f2790f7e60a8,untilled.training,available,8.98,53.98,medium,low,8,namecheap,,,12/09/2026 21:24
1165dc91-e57c-4af0-ab73-b9685f5ed531,bricole.training,available,15.99,41.99,medium,low,7,namesilo,,,20/09/2026 00:36
584fd0d3-8bc2-497c-aafd-7a92687681dc,unlined.training,available,8.98,53.98,medium,low,7,namecheap,,,12/09/2026 14:54
1061ae1a-a9e7-4646-88bf-354c30251ee0,tireless.training,available,8.98,53.98,high,low,8,namecheap,,,21/08/2026 00:49
9cf1ea07-65d1-460b-bdff-153c0dcc1a05,faultless.training,available,8.98,53.98,high,low,9,namecheap,,,18/08/2026 00:05
ae9dd028-f8bd-4834-b950-06968142a325,ribless.training,available,8.98,53.98,medium,low,7,namecheap,,,09/09/2026 17:15
f5a07cc4-28d7-40bc-8b0c-3097c5b8cdf9,exposure.training,available,8.98,53.98,high,low,8,namecheap,,,08/09/2026 13:44
ab599ab3-8a2b-4436-974a-1c883e85a001,offended.training,available,8.98,53.98,medium,low,8,namecheap,,,04/09/2026 01:24
ca6bc811-d009-45cc-bc6b-3fac0f0982f0,ankara.training,available,15.99,41.99,high,low,6,namesilo,,,19/09/2026 07:05
b691b626-10a2-4f06-9264-6e1dbe13abd4,creaky.training,available,8.98,53.98,medium,low,6,namecheap,,,06/08/2026 22:59
e9221c55-9c11-4f6c-b19e-777adc4195fa,gidgee.training,available,8.98,53.98,medium,low,6,namecheap,,,16/09/2026 20:01
f37ae086-5310-415a-9672-4fd17ad3d229,unparallel.training,available,8.98,53.98,medium,low,10,namecheap,,,12/09/2026 16:27
8368f1f8-ad07-49fb-b8a5-5d296cf0b5ab,kookie.training,available,8.98,53.98,medium,low,6,namecheap,,,06/08/2026 21:09
3f688c2d-d2cf-439d-bbec-98940b9774b6,see.training,premium,118.8,118.8,high,medium,3,namesilo,,,24/09/2026 16:46
cdf2f121-420d-477c-937b-9fb80cb4472b,hooter.training,available,15.99,41.99,high,low,6,namesilo,,,21/09/2026 07:22
e850c3ce-f8cd-460a-bf6c-b96a259bb986,altace.training,available,15.99,41.99,medium,low,6,namesilo,,,18/09/2026 14:31
bdea869a-513c-4273-9a71-c25844a886d5,batrachian.training,available,8.98,53.98,medium,low,10,namecheap,,,05/08/2026 20:53
3046052d-12db-4cc6-9ddc-4c081bd8e2c9,fissure.training,available,8.98,53.98,high,low,7,namecheap,,,13/08/2026 04:18
cf43f228-5ad0-40d3-bd24-fda90721d2fa,brutal.training,available,8.98,53.98,medium,low,6,namecheap,,,08/08/2026 15:45
fa70e11d-e93a-43ea-bef6-cdebe675fe06,followers.training,available,8.98,53.98,high,low,9,namecheap,,,18/08/2026 10:24
8a4ab4a2-22d5-4589-981b-fb3f52d6c273,left.training,available,15.99,41.99,high,low,4,namesilo,,,25/09/2026 13:25
122cae74-3eda-4e47-84d8-71e106a0655a,aspirant.training,available,8.98,53.98,medium,low,8,namecheap,,,07/08/2026 05:02
cf0d932f-991d-4134-8bb9-1f5ccae8194f,profiled.training,available,15.99,41.99,medium,low,8,namesilo,,,21/09/2026 10:04
e6e5d3d0-ae32-40f5-bd93-f0994956931f,knapsack.training,available,15.99,41.99,high,low,8,namesilo,,,21/09/2026 14:39
8f72cb76-1c4d-486e-9ec1-e2a9403093bc,rile.training,available,21.99,,medium,low,4,name.com,,,
a44d4495-0668-4098-8ad6-bda3e9c46694,benthic.training,available,8.98,53.98,medium,low,7,namecheap,,,09/08/2026 14:45
443b8742-f8a7-47c8-8f5d-edbcec026192,backstop.training,available,15.99,41.99,medium,low,8,namesilo,,,21/09/2026 16:06
8fbb6fde-adb3-43bb-ad42-14a7d1977c8f,agonist.training,available,8.98,53.98,medium,low,7,namecheap,,,17/09/2026 18:56
8836bab3-3a92-4ce8-a89f-849930c9e771,mahan.training,available,15.99,41.99,high,low,5,namesilo,,,18/09/2026 06:45
7c28409c-65ad-42cf-ba28-460fb6bbc4a9,followed.training,available,15.99,41.99,medium,low,8,namesilo,,,25/09/2026 17:12
4a0ca1b2-af1b-4230-b9f5-a36379286636,discredit.training,available,21.99,,high,low,9,name.com,,,
6e3ab5b1-1253-42f4-b354-d09440c884e0,multipurpose.training,available,21.99,,medium,low,13,name.com,,,
29a28870-b2aa-4128-b34d-cdba0b56c87b,goddamned.training,available,8.98,53.98,medium,low,9,namecheap,,,10/08/2026 12:48
3ccf59f7-7d52-42af-88d3-4d8bb751e7ab,deface.training,available,15.99,41.99,medium,low,6,namesilo,,,24/09/2026 05:35
9e3a5239-ecdd-4f28-9eb1-62fdb7ec6c39,yemeni.training,available,8.98,53.98,high,low,6,namecheap,,,13/09/2026 14:34
8cf8b925-174b-4f8e-8b27-733477a3e209,outsized.training,available,8.98,53.98,medium,low,8,namecheap,,,04/09/2026 19:40
a4958269-5a12-429e-b377-0d3c8e211f12,prizes.training,available,8.98,53.98,high,low,6,namecheap,,,20/09/2026 04:19
1268a067-37ed-445c-8240-b1ff9b537367,dig.training,premium,118.8,118.8,high,low,3,namesilo,,,24/09/2026 23:51
217349e1-9013-4116-8098-621497e3e03c,tilefish.training,available,15.99,41.99,medium,low,8,namesilo,,,24/09/2026 04:04
f476cf7e-f592-4c67-811f-b13e466dc790,prioritize.training,available,21.99,,high,low,10,name.com,,,
72e55562-fecc-406a-beaa-e8c41191c175,aalborg.training,available,15.99,41.99,medium,low,7,namesilo,,,16/09/2026 13:10
d26f7f45-edc9-45a0-a58d-a3e447ceba05,larval.training,available,8.98,53.98,medium,low,6,namecheap,,,22/08/2026 20:01
4f2624fa-39d2-4626-b798-da4657bdd625,hag.training,premium,78.54,78.54,high,low,3,namesilo,,,23/09/2026 04:44
d6e5a410-d44e-48f9-8f88-4de16bee41cc,barn.training,available,21.99,,high,low,4,name.com,,,
62d56838-7ab3-45fd-b32e-554e897650cf,hauteur.training,available,15.99,41.99,medium,low,7,namesilo,,,20/09/2026 09:20
d33b732b-40fc-40da-bf74-a37ea4d4b8a1,gallium.training,available,8.98,53.98,high,low,7,namecheap,,,20/09/2026 22:50
e68fe37a-09bb-41c2-b68d-fb5fb37d4848,aventurine.training,available,15.99,41.99,medium,low,10,namesilo,,,21/09/2026 09:07
992087bb-d89f-414b-beb9-1699e5fd9227,reasoned.training,available,8.98,53.98,high,low,8,namecheap,,,09/09/2026 11:08
507dea22-6014-403e-b48b-91f6d20c06d7,material.training,premium,242,242,high,low,8,namesilo,,,23/09/2026 23:27
077dd9dd-cc35-40f9-a8f4-65ec34b57d1b,lure.training,available,15.99,41.99,high,low,4,namesilo,,,21/09/2026 19:43
c1b4588b-8f59-4627-9be4-2de5a28833ee,colombo.training,available,21.99,,high,low,7,name.com,,,
9cef7629-f29e-4774-8a3e-da012fab6f56,orphic.training,available,8.98,53.98,medium,low,6,namecheap,,,03/09/2026 12:27
0701e00d-021b-4514-8ac7-dba6437db40e,aborigine.training,available,8.98,53.98,high,low,9,namecheap,,,
41c29f38-f4d0-4674-a637-cfe2131c1994,applicant.training,available,8.98,53.98,high,low,9,namecheap,,,19/09/2026 21:53
3bb9860c-593f-4ad2-8f2f-631673d94f67,collapsing.training,available,15.99,41.99,low,low,10,namesilo,,,20/09/2026 17:39
fbdbdce0-1ef3-4636-96b0-5a96a88579f2,albee.training,available,15.99,41.99,medium,low,5,namesilo,,,18/09/2026 02:31
a02a4f58-991f-4ee2-8035-d54bf40a1bc9,circuitous.training,available,8.98,53.98,medium,low,10,namecheap,,,12/08/2026 08:18
aaa55c9d-bb3f-445f-b272-5933399b20f9,chevalier.training,available,8.98,53.98,high,low,9,namecheap,,,11/08/2026 22:49
71d27edc-65d5-46d8-ba21-819ff0f71561,beluga.training,available,15.99,41.99,high,low,6,namesilo,,,17/09/2026 01:49
25f7ba8d-122e-411f-8e9a-125862a2905f,tart.training,available,21.99,52.99,medium,low,4,name.com,,,13/08/2026 14:25
5a95811a-998b-4843-9132-0a1538467494,several.training,available,21.99,,high,low,7,name.com,,,
2ce47c04-387f-4be6-93cd-a6451469553a,dendritic.training,available,8.98,53.98,medium,low,9,namecheap,,,14/08/2026 01:48
482f0c8c-a6a8-4059-8957-62f4986f36b7,either.training,available,21.99,,medium,low,6,name.com,,,
2c5c4d91-44b6-4e78-b842-0cfd9619e616,ebony.training,available,8.98,53.98,high,low,5,namecheap,,,14/08/2026 23:09
cf92e037-b65c-44d9-8b7a-36e626d0e2e1,bosky.training,available,8.98,53.98,medium,low,5,namecheap,,,10/08/2026 20:17
804c9029-fa20-47bb-a6b1-6651d3811c81,exuberant.training,available,8.98,53.98,high,low,9,namecheap,,,14/08/2026 23:21
cc372234-6847-44a3-b309-9cadd7cc9b7e,newsy.training,available,8.98,53.98,high,low,5,namecheap,,,20/08/2026 17:15
2bb54a37-cddc-40a2-8bd1-2ef80e6b0ff4,abor.training,available,8.98,53.98,medium,low,4,namecheap,,,16/09/2026 16:36
ed3064b8-d3a1-48a1-929a-5d2ddcf17409,brooding.training,available,8.98,53.98,high,low,8,namecheap,,,11/08/2026 05:52
bd7650ce-c68a-48fd-90f2-55a4d426f8b0,trippingly.training,available,8.98,53.98,medium,low,10,namecheap,,,15/09/2026 11:20
7ca97041-b75c-4468-be74-5359a44fcc22,wizardly.training,available,8.98,53.98,medium,low,8,namecheap,,,24/08/2026 13:02
4f62bdd2-ff3b-45d8-b832-848d57f72d1f,chanukah.training,available,21.99,,high,low,8,name.com,,,
01e64adc-2873-4d1a-b35c-e84bf248d0a7,flaxseed.training,available,8.98,53.98,high,low,9,namecheap,,,16/09/2026 10:28
06171935-4877-4ddf-b2c0-229ed7f75492,rummy.training,available,8.98,53.98,high,low,5,namecheap,,,13/08/2026 11:16
3d56394c-ec6b-4cc6-90f7-b9c16e790500,maxilla.training,available,8.98,53.98,medium,low,7,namecheap,,,24/08/2026 17:52
628e3650-37f2-43e1-bcb5-15ffedaed590,chives.training,available,8.98,53.98,high,low,6,namecheap,,,18/09/2026 11:27
6a65f931-2b2f-4441-82c3-f15879ff9454,hopes.training,available,8.98,53.98,high,low,5,namecheap,,,25/09/2026 19:44
30dc4208-7773-4e69-9e94-44b7f1b6f9c5,houghton.training,available,15.99,41.99,medium,low,8,namesilo,,,25/09/2026 23:07
8e67d2ac-800b-4a7c-be07-9bce134b8815,lunger.training,available,8.98,53.98,medium,low,6,namecheap,,,12/08/2026 23:06
25167c7c-9664-4b73-a4a4-b829eff0101d,apologize.training,available,21.99,,high,low,9,name.com,,,
5d905254-37f7-4141-8976-0ac41b2aa656,raiser.training,available,8.98,53.98,medium,low,6,namecheap,,,17/09/2026 19:22
31535771-d60b-4897-b9ca-9e41f47f2b1c,ruin.training,available,8.98,53.98,high,low,4,namecheap,,,08/08/2026 13:39
26b3d1a3-aae8-4b0e-b148-ea28cf0d97fb,truce.training,available,8.98,53.98,high,low,5,namecheap,,,20/09/2026 07:17
58339a62-e58a-40f4-aee6-b1ffe1358d3f,fiendish.training,available,8.98,53.98,medium,low,8,namecheap,,,14/08/2026 01:31
9b5c9f7d-4f67-4bf9-9ddd-789140c6aac2,therefore.training,available,21.99,,high,low,9,name.com,,,
ec3080ba-2346-40b6-8a15-8187849ea69e,bantam.training,available,8.98,53.98,high,low,6,namecheap,,,08/08/2026 14:01
121cf9a2-84fe-479a-b568-b40739aa44e0,lxxxiii.training,available,8.98,53.98,medium,low,7,namecheap,,,
5373e156-0f06-45bf-bc7c-2d1f1450f59c,advertizer.training,available,15.99,41.99,medium,low,10,namesilo,,,17/09/2026 08:39
299707fa-a1d4-481a-a20f-e278fc52c463,pleading.training,available,8.98,53.98,medium,low,8,namecheap,,,09/08/2026 15:21
8c05fa0a-f5d4-4249-a5a4-8115a4a66897,bradstreet.training,available,15.99,41.99,medium,low,10,namesilo,,,19/09/2026 10:16
dc4eb605-cab9-42ec-a68d-0d5c7de0c9bd,whimsey.training,available,15.99,41.99,medium,low,7,namesilo,,,20/09/2026 00:43
895ffdcd-b8a6-48d3-8771-f37592a4bd8e,sulphur.training,available,15.99,41.99,medium,low,7,namesilo,,,20/09/2026 22:29
7e5b67d6-14f6-4aed-a5c4-29b5c580ebb4,affiliation.training,available,21.99,,high,low,11,name.com,,,
491ddea8-9d8d-47b2-be99-2b4603581f12,arrack.training,available,8.98,53.98,medium,low,6,namecheap,,,19/09/2026 23:47
b7a9c68e-dba7-46eb-bcad-c3a7d0e581d9,classy.training,available,8.98,53.98,high,low,6,namecheap,,,12/08/2026 09:52
8997225d-2474-4fac-8741-400dd41bbf3e,actuated.training,available,8.98,53.98,medium,low,8,namecheap,,,
8b5d2a2b-4a68-40b7-8a31-2348ac9fcf25,diary.training,available,15.99,41.99,high,low,5,namesilo,,,24/09/2026 22:13
326b9719-f6bb-4adc-a1e3-29e0d45ecd1f,fiercely.training,available,21.99,,medium,low,8,name.com,,,
7767c80b-b2e6-413a-b764-fba3b7e4111f,freedom.training,resell,,,high,medium,7,Squarespace Domains II LLC,02/07/2021 12:08,02/07/2028 12:08,26/09/2026 06:14
5304b0ed-9351-4490-9f37-7425f55dc6ee,backs.training,available,15.99,41.99,medium,low,5,namesilo,,,18/09/2026 06:41
7fb8eccd-77bc-4793-ad19-eed8f01f8cb6,stein.training,available,15.99,41.99,high,low,5,namesilo,,,23/09/2026 01:47
7fe1c7f8-a14b-4d6f-8270-2cdf134f72c1,samarium.training,available,15.99,41.99,medium,low,8,namesilo,,,20/09/2026 23:24
a9cdf7ac-c787-4740-b914-3c6594afdfca,hammer.training,available,21.99,,high,low,6,name.com,,,
e74f6223-8bf9-4360-8322-5c0da14bfb76,anonymous.training,available,15.99,41.99,high,low,9,namesilo,,,22/09/2026 05:30
81da3385-8cc1-4f53-aed2-19a8c3343ae4,breezily.training,available,8.98,53.98,medium,low,8,namecheap,,,14/09/2026 01:28
9d9e3ef8-9823-458d-9ced-0509cf76ab5c,peter.training,available,15.99,41.99,high,medium,5,namesilo,,,24/09/2026 16:12
ca66be11-0846-424d-8a86-240cb62e226a,glimmer.training,available,8.98,53.98,high,low,7,namecheap,,,20/08/2026 14:19
e1473126-8cee-4beb-8498-4d302c97f941,pierre.training,available,15.99,41.99,high,low,6,namesilo,,,24/09/2026 12:24
744f4c34-8036-48e3-9494-cb93c7f64952,bust.training,available,15.99,41.99,high,low,4,namesilo,,,23/09/2026 09:51
606f1791-c4d3-42be-bc21-24c9112de5d6,vii.training,premium,38.94,38.94,high,low,3,namesilo,,,
e7e12202-3630-44cd-92bc-35d794185992,ought.training,available,21.99,,high,low,5,name.com,,,
d4fde59f-5c5f-43b8-85b3-8f2924c5f394,bondable.training,available,8.98,53.98,medium,low,8,namecheap,,,09/08/2026 23:59
916518be-e86e-4c99-95ab-b0bd8d303d5a,collegial.training,available,8.98,53.98,medium,low,9,namecheap,,,12/08/2026 17:06
4081c018-1eab-41d3-8108-1282a96eecdd,lyons.training,available,15.99,41.99,high,low,5,namesilo,,,25/09/2026 06:03
d33eedbd-9932-40dc-ad29-ba4a285798f6,offered.training,available,21.99,,medium,low,7,name.com,,,
7f048670-f70e-46d8-a8fa-3910683472de,noisily.training,available,8.98,53.98,medium,low,7,namecheap,,,15/09/2026 16:46
d4a60778-c828-4472-85db-0500309166a1,able.training,available,15.99,41.99,high,low,4,namesilo,,,21/09/2026 13:57
1e606e06-a8e7-4645-9d92-6ad3f1902db5,formulaic.training,available,8.98,53.98,medium,low,9,namecheap,,,18/08/2026 12:18
ef50ccde-b5a2-4722-b406-0a77bd3e29ce,visit.training,available,15.99,41.99,high,low,5,namesilo,,,24/09/2026 13:53
e651cf53-63a4-4252-b90a-949207734a5c,gnomish.training,available,8.98,53.98,medium,low,7,namecheap,,,20/08/2026 15:45
f764172b-fc88-44f9-a265-b9b774d2ca3b,antiserum.training,available,15.99,41.99,medium,low,9,namesilo,,,19/09/2026 15:05
73ad8b04-e029-47ed-94e6-bd5383ba0683,obnoxious.training,available,8.98,53.98,medium,low,9,namecheap,,,03/09/2026 23:32
955ef785-ea53-4f14-81cb-72da19be9ef3,steamy.training,available,8.98,53.98,medium,low,6,namecheap,,,21/08/2026 14:12
6c110114-ad78-4f99-94da-ed2a0f73aadc,needed.training,available,8.98,53.98,high,low,6,namecheap,,,03/09/2026 14:49
28031cd5-8b23-402a-9c4f-7d8d403c46f0,dead.training,available,15.99,41.99,high,low,4,namesilo,,,24/09/2026 04:40
6698d18e-b77e-4e32-b4e5-632462a7bc38,paleozoic.training,available,8.98,53.98,medium,low,9,namecheap,,,04/09/2026 23:39
680fcea3-c799-4b14-afc3-5372f6dfd91b,brusque.training,available,8.98,53.98,medium,low,7,namecheap,,,11/08/2026 07:02
8c53c490-9c14-47dd-91ad-ce725e53a3c4,drenched.training,available,8.98,53.98,high,low,8,namecheap,,,14/08/2026 18:51
0a0f56b5-8800-4d35-ac13-247a6818f5d4,bennington.training,available,8.98,53.98,high,low,10,namecheap,,,23/09/2026 08:33
5000e2a2-0806-4b3a-ba30-2f3e2a2d891f,lengthy.training,available,8.98,53.98,medium,low,7,namecheap,,,14/08/2026 18:32
a51d4ef7-cf79-4ac2-9655-41f5d34bc629,perchance.training,available,8.98,53.98,medium,low,9,namecheap,,,14/09/2026 02:12
303d7bc5-c470-4f8f-af7f-cca619e46ded,glamorous.training,available,8.98,53.98,high,low,9,namecheap,,,19/08/2026 00:15
cb7c19ac-dfba-482e-b415-7c6410a59731,amber.training,available,8.98,53.98,high,low,5,namecheap,,,22/09/2026 03:52
0b632daf-84b4-434c-87e1-9e99e12bbdeb,resignation.training,available,21.99,,high,low,11,name.com,,,
25d5dcf9-adbb-49b3-8d80-1423b35f11e7,disease.training,available,21.99,,high,low,7,name.com,,,
1f6042b6-2661-427b-b70a-10bc1f0771b1,thumbs.training,available,15.99,41.99,medium,low,6,namesilo,,,18/09/2026 14:13
3627625e-eb73-49a7-9d47-670698d725bd,breadfruit.training,available,15.99,41.99,high,low,10,namesilo,,,20/09/2026 11:57
20821b00-7183-4118-9bb7-9d624d4e0f5c,shrub.training,available,15.99,41.99,high,low,5,namesilo,,,23/09/2026 11:56
56e58651-0470-46b2-9e6d-e0df3a5e3288,pitiful.training,available,8.98,53.98,medium,low,7,namecheap,,,14/08/2026 02:27
063c8354-7730-408e-8c68-9a74b380def6,bellbottom.training,available,8.98,53.98,low,low,10,namecheap,,,09/08/2026 13:21
700d0539-4bf4-4461-abd5-052c37fdb37f,shabby.training,available,8.98,53.98,medium,low,6,namecheap,,,25/08/2026 06:58
c0918dea-0ed2-42bc-be75-b416a58fd008,mutely.training,available,8.98,53.98,medium,low,6,namecheap,,,15/09/2026 15:47
14102c54-f3b4-4967-aac1-0485f730524e,comforting.training,available,8.98,53.98,high,low,10,namecheap,,,12/08/2026 03:43
725379de-006a-45f1-bcb2-b9b7c94f0951,aranea.training,available,15.99,41.99,medium,low,6,namesilo,,,20/09/2026 00:00
945fad47-84c6-48bf-a72f-30dd8f2359a5,joan.training,available,8.98,53.98,high,low,4,namecheap,,,25/09/2026 11:39
5976c8cc-eaa9-41c9-b6b8-e66c00426ba8,betterment.training,available,8.98,53.98,high,low,10,namecheap,,,18/09/2026 18:20
92509a3d-4240-4bd2-a984-a0c6e50b6b6c,accomplice.training,available,15.99,41.99,high,low,10,namesilo,,,16/09/2026 22:50
b0da54c2-402b-47b5-a0cb-2e197511da50,printers.training,available,15.99,41.99,medium,low,8,namesilo,,,21/09/2026 00:30
4a5f32b2-74e5-48a2-b345-c214e065970c,armistice.training,available,15.99,41.99,medium,low,9,namesilo,,,20/09/2026 07:13
e360b5e2-f5c5-48bf-8165-a79b5445ab9f,cryptical.training,available,8.98,53.98,medium,low,9,namecheap,,,11/08/2026 12:19
2d09b2a0-8b62-4b52-babe-b1a474918872,passively.training,available,8.98,53.98,medium,low,9,namecheap,,,15/09/2026 19:09
eaba88b4-2960-4282-a010-29e27097be21,tropical.training,available,8.98,53.98,high,low,8,namecheap,,,11/09/2026 20:24
77b7171c-0bc7-4895-a927-556b4f746678,beneath.training,available,21.99,,medium,low,7,name.com,,,
b668ae13-2934-4d3a-bd8b-93f3507a8106,neutral.training,available,15.99,41.99,high,low,7,namesilo,,,21/09/2026 16:07
e31f614d-cfa7-4543-a25f-cb715f773983,s.training,premium,512,512,medium,low,9,namesilo,,,10/09/2026 21:43
4e6b6673-08b7-452c-826b-f950ce373e0e,mesmeric.training,available,8.98,53.98,medium,low,8,namecheap,,,24/08/2026 21:13
59f98cf7-1375-4447-9a71-1ea8607b3028,moresque.training,available,8.98,53.98,medium,low,8,namecheap,,,25/08/2026 06:01
a93c4b83-90fb-4dc9-bfb4-a3f0edce8b38,insinuate.training,available,8.98,53.98,high,low,9,namecheap,,,22/08/2026 08:35
cff38082-b0d3-4d9e-be5e-313762763666,costate.training,available,8.98,53.98,medium,low,7,namecheap,,,13/08/2026 03:06
fc7f93ea-e0c3-4604-b9b5-11d34cadb426,authorial.training,available,8.98,53.98,medium,low,9,namecheap,,,07/08/2026 16:19
c8864c01-75e9-4bb7-ac4e-72a3883cbcbb,tzarist.training,available,21.99,52.99,medium,low,7,name.com,,,13/08/2026 14:59
b4b4814b-fab1-421f-b95c-287eaf3b4908,horrified.training,available,8.98,53.98,medium,low,9,namecheap,,,21/08/2026 14:14
b9ba309e-9ba2-448f-95f0-5bf05863e19c,highborn.training,available,8.98,53.98,medium,low,8,namecheap,,,13/08/2026 01:48
3b82467b-6503-4725-9484-6122b32b1b45,drilled.training,available,8.98,53.98,high,low,7,namecheap,,,14/08/2026 19:21
a7eb07cf-af94-4b19-8f54-0009ae127962,henpecked.training,available,8.98,53.98,medium,low,9,namecheap,,,21/08/2026 06:42
81b24cdd-c5d7-49a0-99c2-b299eec41eb6,dickens.training,available,21.99,,high,low,7,name.com,,,
422a932d-38bf-4faf-81e9-a17224557059,babble.training,available,8.98,53.98,high,low,6,namecheap,,,21/09/2026 12:19
e21da57d-2e96-4110-a4b7-ab541e380069,famed.training,available,8.98,53.98,high,low,5,namecheap,,,11/08/2026 23:12
9fc5f07e-1ce1-4b3f-9fbd-91228d2b2bf1,hydroponic.training,available,8.98,53.98,medium,low,10,namecheap,,,06/08/2026 10:34
85544ad1-e3bc-48da-a9b7-b6e8db2dcf63,debauched.training,available,21.99,52.99,medium,low,9,name.com,,,13/08/2026 20:14
4305048e-4756-4aef-a05f-7224caa98202,bellis.training,available,15.99,41.99,high,low,6,namesilo,,,23/09/2026 06:15
79a7348d-ac5d-4a17-ba78-ec9773c9ea53,drunkard.training,available,8.98,53.98,medium,low,8,namecheap,,,14/08/2026 20:21
cbd85ed1-8571-403f-b0bf-9849bca15b25,press.training,premium,242,242,high,low,5,namesilo,,,25/09/2026 11:18
454083b8-6589-4696-888c-c4b496fc5b90,gym.training,premium,123.75,,high,low,3,name.com,,,
a824bc60-3e73-4e39-8b11-d72f432dc049,doings.training,available,15.99,41.99,high,low,6,namesilo,,,23/09/2026 03:17
31e12459-25c6-4a2c-a4b5-aa48569f2aac,maturate.training,available,8.98,53.98,high,low,8,namecheap,,,24/08/2026 17:31
610ae14a-c7e2-498c-a274-f1aab24d8d79,geriatric.training,available,8.98,53.98,medium,low,9,namecheap,,,18/08/2026 22:42
5428f6e6-c4de-4389-b696-e806d9a393db,determined.training,available,15.99,41.99,high,low,10,namesilo,,,24/09/2026 07:38
adbdf203-fb20-461b-9fca-b1c1c96ed856,heavily.training,available,8.98,53.98,medium,low,7,namecheap,,,21/08/2026 05:28
03ce8a0c-bf06-4ade-9112-7ce3a37422e1,blithesome.training,available,8.98,53.98,high,low,10,namecheap,,,10/08/2026 14:39
b99ea24b-9d55-4e2e-a09d-961df1841ece,iambic.training,available,8.98,53.98,medium,low,6,namecheap,,,21/08/2026 17:28
2a4dd409-d11f-4621-89e3-17a6c7991b46,digits.training,available,21.99,,high,low,6,name.com,,,
ec555c88-899a-4484-9391-b516708a209f,essene.training,available,8.98,53.98,medium,low,6,namecheap,,,17/08/2026 13:19
3e3da5ed-f60a-4226-9d0a-0b94c1d1017f,standing.training,available,21.99,,high,low,8,name.com,,,
d738eaf1-31de-456e-abad-8a0f4979c172,gypsy.training,available,8.98,53.98,high,low,5,namecheap,,,10/08/2026 17:21
3cdbd29c-cb6d-4a5c-8788-c6c00dd0a838,permutation.training,available,21.99,,high,low,11,name.com,,,
44f2430e-e6fc-4632-8cbf-729eca8c379b,kampala.training,available,8.98,53.98,high,low,7,namecheap,,,24/09/2026 12:28
68838f41-541a-40ee-a85d-d62efcf44ec6,inboard.training,available,8.98,53.98,medium,low,7,namecheap,,,22/08/2026 00:39
959de3fb-4984-4257-8ecb-79192f372d90,shoe.training,available,21.99,,high,low,4,name.com,,,
e36304ff-d8d3-427f-b01d-60d90d380592,nosocomial.training,available,8.98,53.98,low,low,10,namecheap,,,03/09/2026 21:56
2b4eeb48-a6d1-4804-8ff7-ce08f3552f78,apposite.training,available,8.98,53.98,medium,low,8,namecheap,,,06/08/2026 07:53
29146379-9fdc-4d52-b0ba-2671298b5578,grinder.training,available,8.98,53.98,medium,low,7,namecheap,,,25/08/2026 03:40
46454158-80ef-461a-8026-e5008b46d188,cohesive.training,available,8.98,53.98,high,low,8,namecheap,,,12/08/2026 16:05
6282bf8a-342c-4b7b-bc0d-5c601d272ea2,mrs.training,available,15.99,41.99,high,low,3,namesilo,,,25/09/2026 09:30
7c8ebee3-74f4-4816-864c-d95185f125b3,moody.training,available,8.98,53.98,high,low,5,namecheap,,,20/08/2026 14:59
1294c7c9-84bc-46d9-8245-24d0523c4c81,environmentally.training,available,21.99,,medium,low,15,name.com,,,
14c30c24-ec8e-4232-abbe-07ca1dbc58de,worthy.training,available,21.99,,high,low,6,name.com,,,
23bcfbee-0131-4dc7-aae4-9d59fba25baa,immune.training,available,8.98,53.98,high,low,6,namecheap,,,21/08/2026 21:26
4fc1afc7-789b-4e29-87c6-16b2c943fed5,humorous.training,available,15.99,41.99,high,low,8,namesilo,,,25/09/2026 06:35
420bca1c-b09f-467b-a13d-096d8d7d463b,reflections.training,available,15.99,41.99,medium,low,11,namesilo,,,18/09/2026 07:20
d88f002b-36d5-45e3-a9e4-41b4d3070d9a,love.training,resell,,,high,medium,4,"GoDaddy.com, LLC",21/03/2017 21:58,21/03/2027 21:58,26/09/2026 07:19
4dede51e-2ca8-43b1-95bf-6c79065a8eaf,palatable.training,available,8.98,53.98,high,low,9,namecheap,,,04/09/2026 23:15
c1d3f20d-e5bb-4022-8e94-e281f4f869e7,alate.training,available,8.98,53.98,medium,low,5,namecheap,,,
7a6b21f3-92d8-4bb1-9519-974ca81af63b,lxxxiv.training,available,8.98,53.98,medium,low,6,namecheap,,,
e92e4428-3a8d-45ce-85c3-cc2ed1aa8a12,olden.training,available,8.98,53.98,medium,low,5,namecheap,,,04/09/2026 02:02
8a3da558-03a2-4916-939c-81f93f1874d0,overripe.training,available,8.98,53.98,medium,low,8,namecheap,,,04/09/2026 21:44
56a1691d-411d-4241-aa12-d71a0fa894cf,sob.training,premium,78.54,78.54,high,low,3,namesilo,,,08/08/2026 23:48
1fa24ad4-b797-491f-8b29-d1341ec90889,fate.training,available,21.99,,high,low,4,name.com,,,
5425ad18-81c8-4bfa-b303-29ce58d9f217,appanage.training,available,15.99,41.99,medium,low,8,namesilo,,,19/09/2026 16:11
ffdda83c-8d07-4370-bd7e-2b49ae2fe3f6,grandmother.training,available,21.99,,high,low,11,name.com,,,
6c493952-d64c-44ed-89e4-33c04e377fcc,bauhinia.training,available,21.99,52.99,medium,low,8,name.com,,,22/09/2026 16:38
c718b944-a7f1-46c6-b59d-73d228e1e9b7,minden.training,available,15.99,41.99,medium,low,6,namesilo,,,22/09/2026 15:29
63acac80-59ce-4b73-87e7-d0574151a2bb,berlioz.training,available,15.99,41.99,medium,low,7,namesilo,,,23/09/2026 09:39
87428442-fe78-48f6-a49f-145caf97c81d,cooke.training,available,21.99,52.99,high,low,5,name.com,,,18/09/2026 06:21
39d09d6f-6a67-412d-9bca-9bbe3d214602,license.training,resell,,,high,low,7,"GoDaddy.com, LLC",27/12/2024 14:32,27/12/2026 14:32,26/09/2026 07:13
9e6c9ca5-4256-40f4-b533-848804d0a0c0,swastika.training,available,21.99,,medium,low,8,name.com,,,
c302fd2e-30e9-4a52-9a13-5c33cd2fae3f,surfboard.training,available,21.99,,high,low,9,name.com,,,
21366d40-b52e-406e-a7e6-45d2805c0b98,entangle.training,available,8.98,53.98,high,low,8,namecheap,,,24/08/2026 16:54
b1f6c1ea-2124-4a51-8602-82da42095acf,uncommitted.training,available,21.99,,medium,low,11,name.com,,,
6e4975b1-317d-44ed-815a-9c7e52c231e0,cleared.training,available,15.99,41.99,high,low,7,namesilo,,,21/09/2026 14:48
1ec902c0-5253-4db9-bc56-8447b9e67423,anthemis.training,available,15.99,41.99,medium,low,8,namesilo,,,19/09/2026 12:57
9b7bf4e2-4537-4c70-bdd7-35c9eb428323,clearing.training,available,8.98,53.98,high,low,8,namecheap,,,24/09/2026 15:28
08f852f1-024d-4bf8-9a5e-9d3ea58d63ae,actress.training,available,21.99,,high,low,7,name.com,,,
78cbaccd-5f7b-4c77-aa5f-cc451bea7433,centroidal.training,available,8.98,53.98,medium,low,10,namecheap,,,12/08/2026 00:18
40e5374d-dfb7-43aa-90bc-002a143643cd,cleanser.training,available,15.99,41.99,high,low,8,namesilo,,,24/09/2026 15:26
84285a63-bc9a-4920-adfe-ba3f5d06fcf6,addictive.training,available,15.99,41.99,high,low,9,namesilo,,,21/09/2026 17:08
2b7481c6-a1fa-45b9-a856-ea815dae54cd,areola.training,available,8.98,53.98,medium,low,6,namecheap,,,20/09/2026 03:49
8d4dd2cd-5bd8-430a-9c24-45e998b6024c,slippery.training,available,8.98,53.98,medium,low,8,namecheap,,,10/09/2026 11:01
4697817f-ee70-4d70-90dc-dd3b292adaec,hiss.training,available,8.98,53.98,high,low,4,namecheap,,,24/09/2026 06:41
e9256ac0-fddd-4471-8518-df61a01f423e,forepart.training,available,8.98,53.98,medium,low,8,namecheap,,,18/08/2026 16:13
bf299791-a618-4b76-84f5-bc45c0a440ad,warming.training,available,8.98,53.98,high,low,7,namecheap,,,11/08/2026 14:09
1b2559c0-4428-40c7-9879-e6dc2f2fc967,harare.training,available,8.98,53.98,high,low,6,namecheap,,,24/09/2026 12:36
0d10d173-7a28-4cd8-aa79-fb78dec38aa1,graciously.training,available,8.98,53.98,high,low,10,namecheap,,,14/09/2026 21:58
66a2690e-d9de-40da-80e1-2bcbe37a7d72,dreams.training,available,8.98,53.98,high,low,6,namecheap,,,25/09/2026 20:24
a2cf8b98-3c05-4caa-9fac-94780c6b02c5,mediatory.training,available,8.98,53.98,medium,low,9,namecheap,,,24/08/2026 18:55
60fbc3e4-fa55-41b7-9bda-cef0feee15e5,auberge.training,available,15.99,41.99,high,low,7,namesilo,,,21/09/2026 02:29
f95847a0-3ebc-441f-abd8-17b27454fcc1,slaphappy.training,available,8.98,53.98,medium,low,9,namecheap,,,14/08/2026 05:04
1a46640f-e431-440d-ad76-9c9f23f1ad41,alkyl.training,available,8.98,53.98,medium,low,5,namecheap,,,18/09/2026 08:34
f7870092-d659-4463-81f7-1cb0ebc92022,unhinged.training,available,8.98,53.98,medium,low,8,namecheap,,,11/08/2026 01:52
7a01d19e-8782-45aa-b1e4-80df2241aabe,resolvable.training,available,21.99,,high,low,10,name.com,,,
590106a6-b4ce-46f4-8d14-d97638432126,lamar.training,available,15.99,41.99,high,low,5,namesilo,,,25/09/2026 16:19
8948d83f-c391-4cdd-8a9e-b98764b0c914,usda.training,available,8.98,53.98,high,low,4,namecheap,,,17/09/2026 19:25
4a165c1e-ff88-42c6-82ec-9f82e602294e,pluperfect.training,available,8.98,53.98,medium,low,10,namecheap,,,08/09/2026 22:00
e4604718-a7d0-49dc-bb89-97c54293be9a,jammed.training,available,8.98,53.98,medium,low,6,namecheap,,,22/08/2026 12:07
e1abb615-9ac5-4230-b45c-a29dbd2b39ba,consensual.training,available,8.98,53.98,high,low,10,namecheap,,,12/08/2026 22:31
255e48aa-76d8-4f9f-9f16-a787c5454da1,benthos.training,available,15.99,41.99,high,low,7,namesilo,,,23/09/2026 08:45
6f8d6ce6-7716-4520-87f1-121e40503e00,between.training,available,21.99,,high,low,7,name.com,,,
d3cbd6a9-3fab-47a5-abea-c813305e2f20,topologic.training,available,8.98,53.98,medium,low,9,namecheap,,,11/09/2026 17:52
e70eea3c-3725-4325-90b3-c621b864cdde,twitter.training,available,21.99,,high,low,7,name.com,,,
722e8691-ff2c-4ca5-9a55-fe7b57b8da8f,harmonious.training,available,8.98,53.98,high,low,10,namecheap,,,21/08/2026 01:03
d9d94880-854e-44e0-902c-20391b19c6dc,vehicular.training,available,8.98,53.98,medium,low,9,namecheap,,,13/09/2026 01:48
7b62749b-f81b-48ad-9e4a-065e26c7c05f,bedrock.training,available,15.99,41.99,high,low,7,namesilo,,,22/09/2026 10:39
efdc2d7d-9799-4c5a-a96c-0977482f7fbe,greetings.training,available,21.99,,high,low,9,name.com,,,
7e0b35ab-394b-43e8-bdbf-f36dd6846337,ghent.training,available,15.99,41.99,high,low,5,namesilo,,,27/09/2026 04:10
b0d982da-44c2-4c54-9590-794b69e9ee9b,arawak.training,available,8.98,53.98,medium,low,6,namecheap,,,06/08/2026 12:38
8460c5e2-db97-4eb9-a6c0-df28264c8be0,adding.training,available,21.99,,high,low,6,name.com,,,
5fc1b424-6f18-49f7-ac75-32abb0cb37e0,explanation.training,available,21.99,,high,low,11,name.com,,,
7a555a51-8391-4214-809a-c37660d2032e,punctured.training,available,8.98,53.98,medium,low,9,namecheap,,,08/09/2026 16:56
2ceca441-4550-4c87-ad4e-62658b5784bc,billings.training,available,15.99,41.99,high,low,8,namesilo,,,23/09/2026 16:32
96b4c507-db42-4470-8d90-0f13d23afa1e,included.training,available,8.98,53.98,high,low,8,namecheap,,,22/08/2026 01:33
f059626b-43cf-4a68-a50a-e07dba393fd9,addressed.training,available,8.98,53.98,high,low,9,namecheap,,,
5a98fa1e-82ee-4250-87ba-a4f826c069bf,unsugared.training,available,8.98,53.98,low,low,9,namecheap,,,12/09/2026 20:48
2b88584c-3884-4e10-9472-bea6650edf48,moulds.training,available,15.99,41.99,medium,low,6,namesilo,,,20/09/2026 13:57
3dff8809-431d-46d0-871b-537a6f159b60,glinting.training,available,8.98,53.98,high,low,8,namecheap,,,
9fef139d-3153-46bc-b6ba-8dd4ae4444e5,bitumen.training,available,15.99,41.99,medium,low,7,namesilo,,,23/09/2026 23:13
79419562-49e8-417a-87d9-96d3832448d2,hockey.training,premium,512,512,high,low,6,namesilo,,,25/09/2026 22:46
de754820-433b-4ca5-98eb-91626fd2afe0,gesell.training,available,8.98,53.98,high,low,6,namecheap,,,20/09/2026 08:18
f5cfe2e3-5875-4a19-ad4f-aaac3107a01a,cathari.training,available,15.99,41.99,medium,low,7,namesilo,,,18/09/2026 02:53
39330e0a-2bb0-4ad7-b3af-e3590e8b0296,floss.training,available,8.98,53.98,high,low,5,namecheap,,,24/09/2026 21:54
bd576a87-f850-4877-8165-e3f1a922a9c8,affirmation.training,available,15.99,41.99,high,low,11,namesilo,,,16/09/2026 08:52
1d3a92e8-4a01-4254-88a5-bf05a6d344f8,splay.training,available,8.98,53.98,medium,low,5,namecheap,,,10/09/2026 16:06
5c0cb06d-9b7a-432e-8b88-a01f501429e0,auxin.training,available,8.98,53.98,high,low,5,namecheap,,,21/09/2026 08:33
b9847243-3f15-45f4-a821-0f8e8f8c6716,inevitably.training,available,8.98,53.98,medium,low,10,namecheap,,,15/09/2026 08:09
30c90832-01cb-42bb-bf08-1e1b15ff41e4,suggestion.training,available,8.98,53.98,high,low,10,namecheap,,,25/09/2026 07:41
48177384-02b9-4d73-a999-7399e9c5c1f9,binet.training,available,15.99,41.99,medium,low,5,namesilo,,,18/09/2026 06:25
3d560da9-6025-4786-be0e-898d681cb18b,starts.training,available,21.99,,medium,low,6,name.com,,,
2b8ebc56-b25e-4c42-8f57-127902f4a348,broadly.training,available,21.99,,high,low,7,name.com,,,
04167653-ed30-424f-9220-86afd75a7682,food.training,premium,250,250,high,medium,4,name.com,,,25/09/2026 08:53
c97ec337-7ccb-4b6d-924d-9dd61bfc60b5,cattish.training,available,8.98,53.98,medium,low,7,namecheap,,,10/08/2026 07:28
6279d2c8-68e5-4d9c-8e2c-6da4f8099957,graphite.training,available,15.99,41.99,high,low,8,namesilo,,,24/09/2026 01:02
98960954-ef94-477b-904b-3d6cc6300fcf,begonia.training,available,15.99,41.99,high,low,7,namesilo,,,23/09/2026 02:28
1f5757fc-bbb3-45a5-be99-db2db1fd5d8e,totipotent.training,available,8.98,53.98,medium,low,10,namecheap,,,11/09/2026 18:12
3ccd5442-79f7-4b3e-81e7-d55de91f0aa8,pans.training,available,8.98,53.98,medium,low,4,namecheap,,,18/09/2026 08:22
a9b99a03-a585-4474-8328-b5b16910fb83,erroneous.training,available,8.98,53.98,medium,low,9,namecheap,,,17/08/2026 12:56
b567e652-ad57-4fac-9468-15875e584bdd,xml.training,resell,,,medium,low,3,,,,27/09/2026 02:25
5f874468-7278-491d-aa86-ccf8585b9d56,victuals.training,available,8.98,53.98,medium,low,8,namecheap,,,12/08/2026 18:52
bd1d42ef-3547-42f3-a0dd-643aa50b454a,involute.training,available,8.98,53.98,high,low,8,namecheap,,,22/08/2026 09:12
a4cf1137-fed5-487d-950a-6a4b68b6b6ea,dyslexic.training,available,8.98,53.98,high,low,8,namecheap,,,14/08/2026 22:03
d7f1f8de-23d0-49ec-a61c-981e87e42d3c,noble.training,available,15.99,41.99,high,low,5,namesilo,,,25/09/2026 12:23
89bdfc18-43b2-47d2-9ced-add2b4869c92,furthest.training,available,15.99,41.99,medium,low,8,namesilo,,,24/09/2026 17:07
0c04ae43-7b68-4c89-b86d-ed2801a9085c,palatine.training,available,8.98,53.98,medium,low,8,namecheap,,,04/09/2026 23:20
35137919-ebc8-44ef-85a8-057edff1d539,formosan.training,available,8.98,53.98,high,low,8,namecheap,,,18/08/2026 12:16
65ee3824-79b5-4f66-a161-d591aa4ff05c,capability.training,available,15.99,41.99,high,low,10,namesilo,,,24/09/2026 12:11
7909d059-f9ef-486d-ba02-31381e3eba75,rearing.training,available,8.98,53.98,high,low,7,namecheap,,,09/09/2026 11:04
a50618c7-159c-40bb-8c1d-f8e3b3933b93,brenda.training,available,15.99,41.99,medium,low,6,namesilo,,,25/09/2026 15:27
9cc861da-2798-4db7-8cce-165101fa9f62,spooky.training,available,8.98,53.98,high,low,6,namecheap,,,10/09/2026 09:49
6081f00b-f944-4bf2-a8ac-54d936d7381f,tearful.training,available,8.98,53.98,medium,low,7,namecheap,,,14/08/2026 15:35
9ea81243-4c15-4774-8606-5ded7b2df0c3,copasetic.training,available,8.98,53.98,medium,low,9,namecheap,,,13/08/2026 00:20
bbf793d5-d52b-453b-b396-0226d7d1eccc,creditors.training,available,15.99,41.99,medium,low,9,namesilo,,,20/09/2026 15:31
e9854d73-7843-41e4-8941-87d497e5c173,appointment.training,available,8.98,53.98,high,low,11,namecheap,,,24/09/2026 03:38
32cba641-02cb-4ba3-8a23-ac8bcdb76dfa,grandparents.training,available,15.99,41.99,high,low,12,namesilo,,,18/09/2026 06:12
0ead1963-53ca-4b94-b86b-c5d0f3f11c4c,bureau.training,available,15.99,41.99,high,low,6,namesilo,,,17/09/2026 17:00
aacc103a-0be0-44af-8c78-3cfa369d5b65,rivalrous.training,available,8.98,53.98,medium,low,9,namecheap,,,09/09/2026 18:06
83d051c7-18c3-42f2-9f55-b7f00d8b7ef7,boo.training,premium,123.75,,high,low,3,name.com,,,
b981b19c-7cc4-46b7-96c7-549ce60de079,peggy.training,available,15.99,41.99,high,low,5,namesilo,,,25/09/2026 13:02
7017b537-bdd2-42aa-8c2a-d03c0f195801,confide.training,available,21.99,,high,low,7,name.com,,,
09183576-c721-48a9-a22f-872561a4c481,mixed.training,available,15.99,41.99,high,low,5,namesilo,,,19/09/2026 12:23
001d4c58-ec33-4119-87c4-7517da2d2a74,streetfighter.training,available,21.99,,medium,low,14,name.com,,,
02994e0e-efb1-4ab0-9176-f937fffdb0b2,announces.training,available,15.99,41.99,medium,low,9,namesilo,,,21/09/2026 01:47
8eeebf26-08e2-444e-b180-8e61650026ce,respected.training,available,21.99,,high,low,9,name.com,,,
653b3efd-a082-4dd5-9c6e-14a2dabe8293,subaquatic.training,available,8.98,53.98,medium,low,10,namecheap,,,10/09/2026 23:28
5062a247-6ce4-4da0-98d1-116f3ef64622,wong.training,available,15.99,41.99,high,low,4,namesilo,,,26/09/2026 03:13
fdda7ab7-c01d-48a4-a835-b7883f55bdfc,alcides.training,available,15.99,41.99,medium,low,7,namesilo,,,18/09/2026 04:05
62008ce5-855b-4b68-aa16-276b9f05e254,progressive.training,premium,128.7,128.7,high,low,11,namecheap,,,19/09/2026 14:06
6f682325-225f-4b72-aa62-189214a35feb,digestive.training,available,8.98,53.98,high,low,9,namecheap,,,24/08/2026 15:24
c279b223-e031-4cf2-961d-b378bbe25592,alexander.training,available,21.99,,high,low,9,name.com,,,
453b75af-0491-481a-96be-6ed5f7672fd2,macedonia.training,available,21.99,,high,high,9,name.com,,,
4249ac6d-963a-450f-a4c0-612a4b13964f,phases.training,available,15.99,41.99,medium,low,6,namesilo,,,18/09/2026 14:38
a730136f-b17d-4837-86de-e4415007ab4b,balagan.training,available,15.99,41.99,medium,low,7,namesilo,,,21/09/2026 20:48
0d0ef576-af03-4fb7-b67e-7d4a473c96fc,cents.training,available,8.98,53.98,medium,low,5,namecheap,,,18/09/2026 18:36
4b837571-5e71-43ff-9dcd-7464a4fe4e35,plainly.training,available,8.98,53.98,high,low,7,namecheap,,,08/09/2026 20:28
68f289c0-f39c-49f4-afbe-faa227586e0b,loud.training,available,8.98,53.98,high,low,4,namecheap,,,24/09/2026 19:25
1c51b79b-a009-4a89-814e-2e960b3916ed,doob.training,available,8.98,53.98,medium,low,4,namecheap,,,21/09/2026 18:37
2016f7ad-97c8-411c-b9d6-860d383d25e1,debater.training,available,15.99,41.99,medium,low,7,namesilo,,,20/09/2026 04:45
0567801e-a0ef-4671-8b2a-230462d63d11,xxiii.training,available,8.98,53.98,high,low,5,namecheap,,,
36be94e8-955a-4090-8cd7-144bd34ee6b7,gallant.training,available,8.98,53.98,high,low,7,namecheap,,,12/08/2026 06:16
d9cf8c4f-ee3a-4a4b-85b4-1fca913b1070,hire.training,available,15.99,41.99,high,low,4,namesilo,,,24/09/2026 13:49
1d9158ca-bfbf-410d-a11e-15a10f3b9ba1,bands.training,available,15.99,41.99,high,low,5,namesilo,,,16/09/2026 12:26
8be08435-498a-4713-852c-d2532a7071c4,oversee.training,available,21.99,,high,low,7,name.com,,,
be4f6574-9ab9-49af-97ec-dcff4906c15f,pushing.training,available,21.99,,high,low,7,name.com,,,
be8e3e50-49ff-4bb8-bbf5-90aa36ca8336,counting.training,available,8.98,53.98,high,low,8,namecheap,,,25/09/2026 04:26
367462d9-a10f-4854-a9ee-ff8cfd4b17ee,outcomes.training,available,15.99,41.99,high,low,8,namesilo,,,19/09/2026 12:31
f6492da8-1ea3-46ee-a9ea-9c3b7df74024,arteria.training,available,15.99,41.99,high,low,7,namesilo,,,20/09/2026 10:30
f3a904b8-ff0e-4766-8de6-629450665888,newton.training,available,21.99,,high,low,6,name.com,,,
b7b08114-991f-402a-a016-f342bee596e2,inmost.training,available,8.98,53.98,medium,low,6,namecheap,,,22/08/2026 05:51
97346b8b-d714-4d5e-9714-bda5110e9035,mythical.training,available,8.98,53.98,high,low,8,namecheap,,,03/09/2026 12:31
90f29e9d-f0d3-4bc5-ad97-922f8f97bc64,enwrapped.training,available,8.98,53.98,medium,low,9,namecheap,,,
c8d73c80-86f0-45a7-b897-df65e83f5c4e,ballplayer.training,available,15.99,41.99,high,low,11,namesilo,,,21/09/2026 23:25
81139cca-0ef5-4651-9861-e061915c47b3,condense.training,available,21.99,,high,low,8,name.com,,,
ef112471-463c-49c0-9d1a-380170930014,shoreward.training,available,8.98,53.98,high,low,9,namecheap,,,22/08/2026 07:00
16f5ea25-03c5-4966-a530-a1a5d173f2fe,sweetly.training,available,8.98,53.98,high,low,7,namecheap,,,11/09/2026 05:33
6c428cf4-5441-47fc-b3ee-f733bfe32305,arizonan.training,available,15.99,41.99,medium,low,8,namesilo,,,20/09/2026 06:05
98c17467-91ac-493a-a7cd-e1d0b83b3740,acrosome.training,available,15.99,41.99,medium,low,8,namesilo,,,17/09/2026 03:58
6402871f-4816-431c-a9f4-6d5933438a7d,visibility.training,available,21.99,,high,low,10,name.com,,,
6f8cf4ac-dc01-42d0-ab20-c156d9d340f3,wobbly.training,available,21.99,,high,low,6,name.com,,,
2ed48788-3110-4abd-934d-2e30a348579d,iberian.training,available,8.98,53.98,high,low,7,namecheap,,,21/08/2026 17:32
25f5b6b1-64a4-49b5-8806-c6fda262f4b2,closure.training,available,8.98,53.98,high,low,7,namecheap,,,24/09/2026 15:56
b4d690b7-d649-4978-b961-c47bbb9b773b,bivouac.training,available,8.98,53.98,medium,low,7,namecheap,,,11/08/2026 15:54
4a585589-e08a-44d4-b138-6d5cab06381c,anamorphic.training,available,8.98,53.98,medium,low,10,namecheap,,,
0a8b8df0-87c3-43a4-8045-7ac3ffb65ba1,friendship.training,available,21.99,,high,low,10,name.com,,,
01e518c9-c17d-4d7a-81b5-b2582aace40c,hughes.training,available,15.99,41.99,high,low,6,namesilo,,,25/09/2026 04:10
79d515d3-8df3-4c0e-811b-f66fa827d383,yarrow.training,available,15.99,41.99,medium,low,6,namesilo,,,17/09/2026 00:36
226d558f-eba4-45df-9459-eafcc1855e5a,clifford.training,available,15.99,41.99,high,low,8,namesilo,,,25/09/2026 14:06
f1cceb89-d8ec-45d1-96e3-7eef8f99b2ad,emboldened.training,available,8.98,53.98,high,low,10,namecheap,,,16/08/2026 10:22
4b5f9660-f8f1-4430-99d9-e25ed2698c50,thallium.training,available,15.99,41.99,medium,low,8,namesilo,,,20/09/2026 23:51
f3735310-6786-494f-a819-15ab8c47bf65,abampere.training,available,15.99,41.99,medium,low,8,namesilo,,,16/09/2026 13:54
2528e21f-0209-4e15-8e59-33d193ae886f,travels.training,available,15.99,41.99,high,low,7,namesilo,,,17/09/2026 06:44
1150fea2-2cfb-4ceb-ac3f-0e6a917afa64,foolproof.training,available,8.98,53.98,high,low,9,namecheap,,,18/08/2026 10:37
91c9c794-b935-4cb0-a81f-6faa46ba846e,upright.training,available,8.98,53.98,high,low,7,namecheap,,,17/08/2026 12:05
4f5c96c4-3063-4fb5-93fa-d54b64b6c651,tripartite.training,available,8.98,53.98,medium,low,10,namecheap,,,11/09/2026 14:23
f7b6c440-9672-49ad-a43d-82e8da0e6297,clerical.training,available,8.98,53.98,high,low,8,namecheap,,,12/08/2026 10:48
159bc8bf-c01c-414f-9541-0770da1a5736,cons.training,available,21.99,,high,low,4,name.com,,,
c7666daf-632f-46c3-9f0f-b1cb97e77aa8,syndetic.training,available,8.98,53.98,medium,low,8,namecheap,,,11/09/2026 06:23
f73cf510-62e9-40c5-b53c-1fc1fd2566fc,badger.training,available,15.99,41.99,high,low,6,namesilo,,,21/09/2026 17:01
4b83f1b2-79b3-456c-966b-abbf72f181c6,sib.training,available,8.98,53.98,medium,low,3,namecheap,,,12/08/2026 15:48
03b1c47f-d449-4e13-865b-1be62fbf6ea4,jingly.training,available,8.98,53.98,medium,low,6,namecheap,,,22/08/2026 13:29
07f70c9e-6a5a-4572-806e-c7fc37ed48e1,nosey.training,available,8.98,53.98,medium,low,5,namecheap,,,03/09/2026 21:50
cb799228-5c41-4622-8da1-d0a60dd1b278,anklet.training,available,15.99,41.99,high,low,6,namesilo,,,19/09/2026 09:41
2a7c85df-1a26-4f57-ae3a-cfc39164583c,defensible.training,available,8.98,53.98,high,low,10,namecheap,,,13/08/2026 23:11
fd15c499-8b99-449c-9578-1c6792e32afc,hathaway.training,available,15.99,41.99,high,low,8,namesilo,,,19/09/2026 10:18
002080b6-ef85-4039-9b16-f18865bbccfa,singletree.training,available,21.99,,medium,low,11,name.com,,,
46563791-26fd-4769-8352-e9dc1ae99366,bordered.training,available,15.99,41.99,high,low,8,namesilo,,,22/09/2026 23:55
5c0d11b3-8ce6-40c5-bed9-dd202f92dfdc,surrounding.training,available,21.99,,high,low,11,name.com,,,
37855a9e-b868-4582-82c3-91a6e94420d8,canonical.training,available,8.98,53.98,high,low,9,namecheap,,,11/08/2026 17:23
5234ea2e-9e78-4842-8e41-4a1823f1173f,cloggy.training,available,8.98,53.98,medium,low,6,namecheap,,,12/08/2026 11:46
a33cadc3-ecd0-435a-8750-218af6828788,borderline.training,available,15.99,41.99,high,low,10,namesilo,,,23/09/2026 00:01
58fa9a72-eeb0-4cd3-ae72-d3d7fe201959,scattered.training,available,8.98,53.98,medium,low,9,namecheap,,,14/08/2026 11:23
7683280c-e4d6-4651-bed9-31b30f21f49c,complaint.training,available,8.98,53.98,high,low,9,namecheap,,,25/09/2026 07:37
86031042-204a-4b9d-9839-ace7f6e7eed0,graham.training,available,8.98,53.98,high,low,6,namecheap,,,23/09/2026 16:49
2398f27a-9b8e-4b9c-92f1-08a69949324f,unseeable.training,available,8.98,53.98,medium,low,9,namecheap,,,22/08/2026 09:08
4cd9cf70-bc29-4f8d-be4e-9a43dd3b0886,antilope.training,available,15.99,41.99,medium,low,8,namesilo,,,19/09/2026 14:39
9e15e54e-b262-4d55-9a8f-1139df0753e2,archaic.training,available,8.98,53.98,high,low,7,namecheap,,,
2445a29b-89f4-4e83-957b-4c99cb84f2fc,prolonged.training,available,8.98,53.98,high,low,9,namecheap,,,14/08/2026 18:34
1dd0df0a-7243-4cb0-9e67-ad09ff6c11df,infuriated.training,available,8.98,53.98,medium,low,10,namecheap,,,
f10d0bde-6d26-4b90-ad8b-0972b9fff174,monger.training,available,15.99,41.99,medium,low,6,namesilo,,,22/09/2026 05:36
73e585d5-de7c-4c47-afcf-f17da89b6e49,textures.training,available,8.98,53.98,medium,low,8,namecheap,,,20/09/2026 19:34
9b5efde3-3171-4a37-9fed-af378dc1bb28,trepid.training,available,8.98,53.98,medium,low,6,namecheap,,,11/09/2026 16:07
68ad9c6d-ab42-47a1-90a3-15669c2851b5,bonsai.training,available,15.99,41.99,high,low,6,namesilo,,,24/09/2026 06:40
1a21d28a-ad2e-4c96-8484-988c2a5e76ee,antivenin.training,available,8.98,53.98,medium,low,9,namecheap,,,19/09/2026 15:16
735268ad-a85f-4911-8a3e-2c45c32456b5,azimuth.training,available,15.99,41.99,high,low,7,namesilo,,,21/09/2026 10:54
647b42fe-5319-4ffc-a527-cb3a5a46aecf,scalic.training,available,8.98,53.98,medium,low,6,namecheap,,,09/09/2026 22:27
3c109e50-357b-4c7d-bad0-2fa5291ba793,teenage.training,available,8.98,53.98,high,low,8,namecheap,,,11/09/2026 10:07
2ee29297-e079-4e99-bb49-b2c4406d5936,dominion.training,available,15.99,41.99,high,low,8,namesilo,,,24/09/2026 23:09
cfb2c7b8-a44b-4ffd-9248-4821e2682a61,greenberg.training,available,15.99,41.99,high,low,9,namesilo,,,27/09/2026 04:16
26cbf090-d8bf-4cfb-b1eb-a86836bf1d9d,entered.training,available,8.98,53.98,medium,low,7,namecheap,,,18/09/2026 11:17
60691cbf-fee1-4608-8641-c9f4a4ddc9b2,angst.training,available,8.98,53.98,medium,low,5,namecheap,,,19/09/2026 07:24
6aced7f2-923a-46f0-80ca-befafefecc32,puzzling.training,available,8.98,53.98,high,low,8,namecheap,,,17/08/2026 09:15
466ba0c5-0edc-4257-a06e-cefa22d26c64,sex.training,resell,,,high,medium,3,Dynadot Inc,17/12/2019 02:58,17/12/2026 02:58,26/09/2026 08:57
2890dcbf-1ae3-4acd-b917-21c4e484c638,mrna.training,available,15.99,41.99,high,low,4,namesilo,,,25/09/2026 23:11
43084896-3a60-4b7d-81a1-c6f712fa1747,sinuate.training,available,8.98,53.98,high,low,7,namecheap,,,10/09/2026 08:36
1c3047ca-c925-4ce8-b668-ad8d969f75da,kidnapped.training,available,15.99,41.99,medium,low,9,namesilo,,,27/09/2026 03:07
fff81bd0-7abd-48e5-8a6c-91a197e82fef,cipher.training,available,8.98,53.98,high,low,6,namecheap,,,08/09/2026 15:11
fed25892-b681-4c81-99ef-f5ed8c1b9a87,electricity.training,available,21.99,,high,low,11,name.com,,,
c52c3275-dc52-4b11-90bc-66ceacfc978b,artful.training,available,8.98,53.98,high,low,6,namecheap,,,06/08/2026 22:44
c44d24e6-b2cb-45f2-88bf-97d6e8345a06,yid.training,available,8.98,53.98,medium,low,3,namecheap,,,19/09/2026 16:18
7899fe40-f817-4a41-af9e-c3392e998d11,aquanaut.training,available,15.99,41.99,medium,low,8,namesilo,,,19/09/2026 22:57
9ee12493-e361-4960-9b3b-88f28909e74e,mythologic.training,available,8.98,53.98,medium,low,10,namecheap,,,03/09/2026 12:33
044ef603-d59b-46dc-afd7-279203d941e0,landed.training,available,8.98,53.98,high,low,6,namecheap,,,22/08/2026 19:22
1c2911b8-3a44-4bcf-b998-98d45728ee00,unmerciful.training,available,8.98,53.98,medium,low,10,namecheap,,,24/08/2026 20:38
5052a97a-fa5e-4ff0-b1ea-6fadb6f8e26c,stuck.training,available,21.99,,medium,low,5,name.com,,,
bd95ffad-080e-41ff-a5d9-d6a475683a7a,rankin.training,available,15.99,41.99,high,low,6,namesilo,,,27/09/2026 04:34
8b7dfde6-4651-4611-b6af-29c6ce81dbf2,reflection.training,available,15.99,41.99,high,low,10,namesilo,,,25/09/2026 22:24
8267993a-cd61-489a-98cb-855887358165,blowout.training,available,21.99,,high,low,7,name.com,,,
24d40a44-29eb-4e82-9fb9-68f098838c4b,alces.training,available,15.99,41.99,high,low,5,namesilo,,,18/09/2026 03:55
9f21c4c3-366a-4c2f-83d3-7dcf694d22f3,parous.training,available,8.98,53.98,medium,low,6,namecheap,,,08/09/2026 01:52
2dc29630-c18e-414b-a8b5-e3a6c9fcee1b,excision.training,available,15.99,41.99,medium,low,8,namesilo,,,16/09/2026 16:06
1dd241f8-1244-4688-8dd1-e4464ea33296,loss.training,available,21.99,,high,low,4,name.com,,,
273ed070-64ae-4c4d-9a5c-68c3d33e9b03,hollow.training,available,8.98,53.98,high,low,6,namecheap,,,21/08/2026 10:31
579a8d85-f4ea-4c68-be66-9c36de62ce23,attachment.training,available,21.99,,high,low,10,name.com,,,
731e0312-1905-4a32-bac2-47c75fd57854,allowed.training,available,21.99,,high,low,7,name.com,,,
c93ceda5-11d0-45bf-a2e8-590f87ec7380,murky.training,available,8.98,53.98,medium,low,5,namecheap,,,25/08/2026 01:08
738e8c48-20d4-4c93-8cd9-bb5d298bac43,auriferous.training,available,8.98,53.98,medium,low,10,namecheap,,,22/09/2026 13:02
c9803121-b70b-4c97-8d60-9ceafcdedc58,sonant.training,available,8.98,53.98,medium,low,6,namecheap,,,10/09/2026 14:08
dbe9769a-f024-416e-b7fe-67900ae01b18,isentropic.training,available,8.98,53.98,medium,low,10,namecheap,,,22/08/2026 10:44
df141614-dd9c-4626-9578-b52d4f14d41b,flushed.training,available,8.98,53.98,high,low,7,namecheap,,,18/08/2026 09:26
0ffdc717-f6e3-41ce-b047-98724e720a03,sanctioned.training,available,8.98,53.98,medium,low,10,namecheap,,,06/08/2026 09:24
8087c9c2-c7f2-45e8-862f-079800894b76,taped.training,available,8.98,53.98,high,low,5,namecheap,,,11/09/2026 08:15
c1123c90-6999-4ac7-a41a-3c3b936bdedc,adulthood.training,available,15.99,41.99,high,low,9,namesilo,,,17/09/2026 10:25
3be5efb8-f48b-496c-9963-8e987c78f80a,reptilian.training,available,8.98,53.98,medium,low,9,namecheap,,,09/09/2026 14:40
f8ff1177-80f2-4ef7-8040-87f5c479f977,tangled.training,available,8.98,53.98,medium,low,7,namecheap,,,11/09/2026 07:59
671e2ac8-5ddb-4f56-b2af-1e2da5f0178a,helpless.training,available,8.98,53.98,medium,low,8,namecheap,,,21/08/2026 06:38
7da1ece8-a561-4355-a961-622c0cb6f4b1,malicious.training,available,8.98,53.98,high,low,9,namecheap,,,24/08/2026 14:02
93ff066d-1f0a-446f-b608-e2f8ae372074,mightily.training,available,8.98,53.98,medium,low,8,namecheap,,,24/08/2026 22:45
14ae4cb1-6d5e-4957-812a-83db578e389a,pedigree.training,available,8.98,53.98,high,low,8,namecheap,,,08/09/2026 13:15
98b8eaa0-7294-45af-8623-d43efc637381,aphasia.training,available,8.98,53.98,medium,low,7,namecheap,,,19/09/2026 16:53
e6e249f8-f06c-43cf-8c59-965058a68066,updates.training,available,15.99,41.99,medium,low,7,namesilo,,,20/09/2026 08:39
c1f65bcd-8e42-4626-a183-6c8a89b03c0f,unwoven.training,available,8.98,53.98,medium,low,7,namecheap,,,12/09/2026 22:51
0afa4493-0aa5-495c-baf7-8488966c7e87,unlucky.training,available,8.98,53.98,medium,low,7,namecheap,,,21/08/2026 19:11
318dc816-0a6b-47bb-af12-14a878c036b3,unshaved.training,available,8.98,53.98,low,low,8,namecheap,,,12/09/2026 19:42
846c1e78-08a0-410f-befb-e1c79e5fbae8,supplement.training,available,15.99,41.99,high,low,10,namesilo,,,17/09/2026 06:43
3a99b220-9a36-40f8-8703-2afb4ce5aa27,untimely.training,available,8.98,53.98,medium,low,8,namecheap,,,21/08/2026 19:32
1bcbbbd5-5d19-4ae3-b97c-5591165b8bac,nostalgic.training,available,8.98,53.98,high,low,9,namecheap,,,03/09/2026 21:59
ba84f11c-2ba1-48f0-bd79-515e299b7aa8,desecrated.training,available,8.98,53.98,medium,low,10,namecheap,,,14/08/2026 03:18
90541042-9a71-4e45-9dc8-5590d9648b7e,slimy.training,available,8.98,53.98,medium,low,5,namecheap,,,14/08/2026 04:03
4bc482f7-8041-438d-94d4-ba1be68471d4,athos.training,available,8.98,53.98,medium,low,5,namecheap,,,20/09/2026 21:17
fa9015a1-b1ff-4c94-9663-07428bb145ea,accessory.training,available,8.98,53.98,high,low,9,namecheap,,,21/09/2026 15:35
f8c359ba-bd40-4dd6-a70d-3a6bfec25415,tbsp.training,available,15.99,41.99,medium,low,4,namesilo,,,18/09/2026 08:20
afd25922-bdf1-45d1-ae3f-bb029933dfd0,nitid.training,available,8.98,53.98,medium,low,5,namecheap,,,
b897a388-5e08-442e-89fc-4f150c33ec54,adorer.training,available,15.99,41.99,high,low,6,namesilo,,,17/09/2026 09:45
7f9491cb-e9e2-4b2a-ade2-a4d668aff6f7,undiluted.training,available,8.98,53.98,medium,low,9,namecheap,,,12/09/2026 08:03
4951fd3a-6d40-4e74-8edc-12533c38cc75,ornate.training,available,8.98,53.98,high,low,6,namecheap,,,04/09/2026 17:59
f3512ec8-bfd2-40cf-a9e2-84b03ae1c809,fried.training,available,8.98,53.98,high,low,5,namecheap,,,13/08/2026 22:34
c163f785-3170-46c4-8f9e-811649264dad,consultive.training,available,8.98,53.98,medium,low,10,namecheap,,,
0458c878-583d-41ee-af3c-475eb702a9b4,hobart.training,available,21.99,52.99,high,low,6,name.com,,,25/09/2026 07:24
f89a7747-8e84-49b4-a6e7-e76688435584,amble.training,available,15.99,41.99,high,low,5,namesilo,,,18/09/2026 16:54
72f25f29-6a19-408b-90c1-d8a843bbcbd7,cernuous.training,available,8.98,53.98,medium,low,8,namecheap,,,12/08/2026 00:44
d0d87389-7b4b-4239-8272-2f88618fdf6a,backfire.training,available,15.99,41.99,high,low,8,namesilo,,,21/09/2026 15:28
5ff8e957-3576-48af-ac48-9f5ebbaf17e9,tomboy.training,available,21.99,,high,low,7,name.com,,,
a4f1e001-8a0b-4f6b-ba59-344b68547173,deluge.training,available,15.99,41.99,medium,low,6,namesilo,,,24/09/2026 16:03
74aca35f-dd21-4de5-9f8b-4f3896f5bc0b,foiled.training,available,8.98,53.98,medium,low,6,namecheap,,,14/08/2026 09:27
64ddd5a0-c5b5-4ded-b193-15d9140d1767,dedication.training,available,15.99,41.99,high,low,10,namesilo,,,18/09/2026 10:32
f9a1866d-6dd3-4e3f-be76-9c234e7fefb7,forgotten.training,available,8.98,53.98,high,low,9,namecheap,,,14/08/2026 12:18
03bc7d65-2eca-4e44-9322-20ab1d83de5e,xcv.training,available,8.98,53.98,medium,low,3,namecheap,,,
ff9826c6-2a4f-44af-866f-1c7f2ad84176,stewart.training,available,21.99,,high,low,7,name.com,,,
267c352a-ec13-4084-880c-d14a5dd0e834,haptic.training,available,8.98,53.98,medium,low,6,namecheap,,,21/08/2026 00:01
3ede34fa-c67d-4149-85f7-ea659e3485b8,boomer.training,available,15.99,41.99,high,low,6,namesilo,,,21/09/2026 13:18
5a0c881c-bd55-4800-a301-110b6db64980,unfading.training,available,8.98,53.98,medium,low,8,namecheap,,,12/09/2026 09:53
4e354b6f-6b6f-4981-8b88-abec32ce57b3,burst.training,available,15.99,41.99,high,low,5,namesilo,,,24/09/2026 10:35
f172139d-3d6c-4d19-b9e0-352f740f4033,assumed.training,available,8.98,53.98,medium,low,7,namecheap,,,07/08/2026 07:45
63eb4e9b-d409-48b5-b621-fc1196885f34,agrologic.training,available,8.98,53.98,medium,low,9,namecheap,,,
1db50307-ec59-4e6c-83e9-e461776188f6,dutiful.training,available,8.98,53.98,high,low,7,namecheap,,,14/08/2026 21:39
354b1e1f-9a94-4fd6-9cca-aaa268ebe6f7,abrachia.training,available,15.99,41.99,medium,low,8,namesilo,,,16/09/2026 16:47
b9c674a7-16c1-43c7-a534-9a76c1b7d124,lutzen.training,available,15.99,41.99,medium,low,6,namesilo,,,22/09/2026 15:24
5260d86c-9f77-4394-9fe4-d942b3261be7,adsorbent.training,available,8.98,53.98,medium,low,9,namecheap,,,
a1b975f1-1018-4f93-937c-8855932bc0bf,blt.training,available,15.99,41.99,high,low,3,namesilo,,,21/09/2026 16:25
bec704dc-2cce-45e4-b2ad-ea772ecbe9c3,basso.training,available,15.99,41.99,medium,low,5,namesilo,,,22/09/2026 11:59
e2bcd897-65a9-4841-ae61-b2c147061ec8,philippines.training,available,,,high,high,11,,,,
905d9353-7a4e-414a-83f0-18d5374822d9,references.training,available,15.99,41.99,medium,low,10,namesilo,,,18/09/2026 16:07
54e14f86-0964-43d0-9405-89bf9fce9610,prickly.training,available,8.98,53.98,high,low,7,namecheap,,,08/08/2026 17:34
229cc23e-8ad5-4212-8976-04b2c60d053a,ergotic.training,available,8.98,53.98,medium,low,7,namecheap,,,17/08/2026 12:13
beac6318-4542-4d43-8d20-7ee6f7eac339,tagged.training,available,8.98,53.98,high,low,6,namecheap,,,22/08/2026 17:17
d0b6947b-ab61-4af9-bfd4-5be0d1b89c59,braced.training,available,8.98,53.98,medium,low,6,namecheap,,,11/08/2026 00:17
a2c18fc3-6d18-4368-8ebf-75e19d86c151,godhead.training,available,8.98,53.98,medium,low,7,namecheap,,,
b1ccd9fe-cd8e-42af-8ba4-edec94c733bf,rapt.training,available,8.98,53.98,high,low,4,namecheap,,,14/08/2026 23:50
d1735ec2-3b82-4f7b-a371-51a608ba837b,aliment.training,available,8.98,53.98,high,low,7,namecheap,,,18/09/2026 07:56
180a9f25-277d-4763-afcb-3953cf4d5500,biodefense.training,available,8.98,53.98,medium,low,10,namecheap,,,23/09/2026 17:48
e84ae178-b562-4191-b2c3-e69739843f4c,incite.training,available,8.98,53.98,high,low,6,namecheap,,,09/09/2026 03:18
2a734130-a858-4854-a7bc-f7a1516a9131,jolt.training,available,15.99,41.99,high,low,4,namesilo,,,25/09/2026 11:45
366e1b08-9ea8-4d8b-9f32-b09872ec7797,cloze.training,available,8.98,53.98,high,low,5,namecheap,,,12/08/2026 12:54
702a4eec-aefd-4f9e-bfab-ebf8ab51fee5,apiculture.training,available,15.99,41.99,medium,low,10,namesilo,,,19/09/2026 15:54
751636af-5a9f-4599-b8c6-340f430c1a5e,meritable.training,available,8.98,53.98,medium,low,9,namecheap,,,24/08/2026 20:53
e106fd89-947c-4e6b-9390-45e7d560a621,acold.training,available,8.98,53.98,medium,low,5,namecheap,,,
c03e30a4-693f-49cd-ab2d-f2554d046ea7,problems.training,available,15.99,41.99,medium,low,8,namesilo,,,25/09/2026 17:11
d2ce5c70-0f09-486c-9fd0-0fdae015b662,parallel.training,available,,,high,low,8,,,,
e3957b19-e930-49cf-aa8b-439433f22c91,presumably.training,available,8.98,53.98,medium,low,10,namecheap,,,15/09/2026 21:20
9ef416c3-5cf2-4c3d-8166-784289705905,unstated.training,available,8.98,53.98,medium,low,8,namecheap,,,12/09/2026 09:45
288e3ae5-1d0e-4e21-8eb4-b70900e23e9c,sang.training,available,8.98,53.98,high,low,4,namecheap,,,18/09/2026 20:03
5cce5703-1a10-4284-9d34-d46f029c7ba2,gordian.training,available,8.98,53.98,medium,low,7,namecheap,,,20/08/2026 17:03
eb61d9fe-28c0-49e1-aac1-4295bdad5983,youngish.training,available,8.98,53.98,medium,low,8,namecheap,,,13/09/2026 14:49
ed426884-075e-43b9-a4ae-4ceacb0f7ce1,awheel.training,available,8.98,53.98,medium,low,6,namecheap,,,08/08/2026 01:05
b191e67b-57ed-4887-ada3-176193c39c89,longest.training,available,21.99,,high,low,7,name.com,,,
e4e160f0-06b0-41d2-a9a2-bc77dd911c33,hesperian.training,available,8.98,53.98,medium,low,9,namecheap,,,21/08/2026 07:27
7c180dc1-9413-48dd-9c42-119e34b1b28e,copy.training,available,21.99,,high,low,4,name.com,,,
b751a15f-b762-4906-ac1c-ab45899b6d85,fluvial.training,available,8.98,53.98,medium,low,7,namecheap,,,18/08/2026 09:35
6bf51920-3842-4592-b4c3-8ae8b0e25893,trophy.training,available,21.99,,high,low,6,name.com,,,
990a45fa-a9e9-4dd8-b890-ccc2384acffd,masonic.training,available,8.98,53.98,high,low,7,namecheap,,,24/08/2026 16:39
f6a8b18e-24e8-4ac7-91ae-c976d3a6089c,slanting.training,available,8.98,53.98,medium,low,8,namecheap,,,07/08/2026 04:20
44e8c948-4762-4313-b59e-f9959cdc3769,donkey.training,available,21.99,,high,low,6,name.com,,,
21752bcd-16cd-480d-97ee-db431b79d082,hypnotised.training,available,8.98,53.98,medium,low,10,namecheap,,,17/08/2026 22:48
1c0222e8-5f7b-46b5-8859-d8a64b298728,senescence.training,available,15.99,41.99,medium,low,10,namesilo,,,17/09/2026 16:52
da47ea8d-3794-447a-8c3d-9217398a7424,anathemise.training,available,21.99,52.99,low,low,10,name.com,,,13/08/2026 16:25
e3b6721d-8b30-4cff-84d9-b22a2a56572b,unanswered.training,available,8.98,53.98,medium,low,10,namecheap,,,12/09/2026 00:43
5f9d4904-8607-4be9-8537-fff49b8ea8a4,hispanic.training,available,8.98,53.98,high,low,8,namecheap,,,21/08/2026 09:44
f51c8b74-8799-47f0-b65a-6783b7217336,endowment.training,available,21.99,,high,low,9,name.com,,,
162e9c7f-2b6a-437c-a1a8-f8e30b01d04c,cocoa.training,available,21.99,,high,low,5,name.com,,,
f23b6add-e8b4-42e9-85f1-a424fc8194a9,visitor.training,available,21.99,,high,low,7,name.com,,,
61030a52-60f8-4121-8427-3b26b55754a8,costal.training,available,8.98,53.98,high,low,6,namecheap,,,13/08/2026 03:04
77f4c249-d6da-42f6-a55b-ebd03f0b737e,saxon.training,available,8.98,53.98,high,low,5,namecheap,,,09/09/2026 22:11
4e53db36-24c7-4171-8681-2579ddca6774,comfort.training,available,15.99,41.99,high,low,7,namesilo,,,24/09/2026 16:25
4d20bffd-c63e-485c-9e84-1cd3d5e9432a,embassador.training,available,8.98,53.98,high,low,10,namecheap,,,18/09/2026 16:29
3e770ed0-b30f-4f44-a3f3-56e0deda7a40,donkeywork.training,available,8.98,53.98,medium,low,10,namecheap,,,08/09/2026 21:22
9c5924f6-9767-44ea-9251-59b3f93475ae,garbanzo.training,available,15.99,41.99,high,low,8,namesilo,,,24/09/2026 14:31
b9041cf3-db8e-4b45-8003-0412278cb519,hunting.training,available,15.99,41.99,high,low,7,namesilo,,,25/09/2026 07:36
6b90bb04-a88c-4a34-b7fe-ba2dcfb11683,buttony.training,available,8.98,53.98,medium,low,7,namecheap,,,09/08/2026 03:34
b0158b13-1c02-4b5d-8715-5a430f15a710,rounds.training,available,15.99,41.99,high,low,6,namesilo,,,27/09/2026 02:23
227ade72-da30-4a83-bca8-bb05cba9d923,unwed.training,available,8.98,53.98,medium,low,5,namecheap,,,12/09/2026 22:35
ee36d213-39fe-42a0-8ab6-e6d12da2d543,twoscore.training,available,8.98,53.98,medium,low,8,namecheap,,,
935b46bc-c965-475e-a69f-f3c55e4ed33f,akan.training,available,15.99,41.99,high,low,4,namesilo,,,17/09/2026 23:50
a5ea0749-7a32-4578-893d-0024331cfcaf,unwell.training,available,8.98,53.98,medium,low,6,namecheap,,,
6b084e9e-6ce1-4c8a-993a-886987fd9e7a,poison.training,available,8.98,53.98,high,low,6,namecheap,,,11/09/2026 18:25
2c9595af-9875-49a5-a9a4-d81636c40c8b,harmonised.training,available,8.98,53.98,high,low,10,namecheap,,,12/08/2026 22:52
04f468a5-9c59-4c30-99f4-2a36a7cfb754,bari.training,available,15.99,41.99,high,low,4,namesilo,,,22/09/2026 05:51
3066102b-6980-408f-af57-95f5b4a01a38,currawong.training,available,15.99,41.99,medium,low,9,namesilo,,,23/09/2026 05:33
100d2287-79b3-48c9-a06e-420ddfe5bb1f,motions.training,available,15.99,41.99,high,low,7,namesilo,,,18/09/2026 00:16
105fd084-4eee-4c29-a209-7c5104470dce,restful.training,available,8.98,53.98,high,low,7,namecheap,,,09/09/2026 13:26
5db9b131-25b2-473b-a414-b79e5b4c7b73,supervise.training,available,21.99,,high,low,9,name.com,,,
c486eb86-a915-4b8c-9a77-ade4a4087cd2,rumour.training,available,8.98,53.98,high,low,6,namecheap,,,21/08/2026 02:08
622d8495-be21-4504-a698-9bc17041c905,heedful.training,available,8.98,53.98,medium,low,7,namecheap,,,
975cdf65-5b18-4651-96c1-441ba197d708,systolic.training,available,8.98,53.98,high,low,8,namecheap,,,11/09/2026 06:48
2fd8bf6d-4d72-4563-b0f0-39f20ff6db02,dancers.training,available,15.99,41.99,high,low,7,namesilo,,,20/09/2026 05:50
2b784663-a69c-4092-8db8-0f95037fc180,achromic.training,available,8.98,53.98,medium,low,8,namecheap,,,
de970224-032b-4a29-8a2c-7b937a56ffeb,nourished.training,available,8.98,53.98,high,low,9,namecheap,,,03/09/2026 22:12
af55435a-a123-4fe6-9d1f-d3d03e9db88f,inertial.training,available,8.98,53.98,medium,low,8,namecheap,,,22/08/2026 03:59
9af19706-bd35-4a13-b207-931059e0088e,monotonous.training,available,8.98,53.98,medium,low,10,namecheap,,,25/08/2026 05:30
b6bbc716-002f-4dc1-b3ef-6a8d0df8afea,toys.training,available,8.98,53.98,high,low,4,namecheap,,,20/09/2026 06:04
44c2671a-3f47-4e1c-8b3b-7a85b9d35f39,trouper.training,available,15.99,41.99,medium,low,7,namesilo,,,22/09/2026 06:54
48d3c111-b521-4b41-a6f2-2a692f3293f8,mimic.training,available,15.99,41.99,high,low,5,namesilo,,,25/09/2026 12:04
e35a1a69-1a49-4526-987c-7a940f5dd9ba,thiamin.training,available,21.99,52.99,high,low,7,name.com,,,19/09/2026 05:39
18b53271-ab10-4c24-924f-d8902e4b3c45,xxxi.training,available,8.98,53.98,high,low,4,namecheap,,,
54501a49-6044-45e8-a793-9cb45c2e9bcd,unlabelled.training,available,8.98,53.98,medium,low,10,namecheap,,,12/09/2026 14:33
cef55de5-7d06-49f1-aa77-51c77087eee8,bitstock.training,available,15.99,41.99,medium,low,8,namesilo,,,23/09/2026 22:47
ea4d29d2-f352-48cd-bc66-6b8c12beed53,ferned.training,available,8.98,53.98,medium,low,6,namecheap,,,18/08/2026 01:58
fa944978-80e8-4695-be9b-95dd9a26c851,talks.training,available,21.99,,high,low,5,name.com,,,
cd97717b-3285-48c1-9ace-2a7be88ace7e,climbable.training,available,8.98,53.98,medium,low,9,namecheap,,,07/08/2026 00:10
1486bc59-80dd-4d9d-b1ed-d20e9821decc,snip.training,available,8.98,53.98,high,low,4,namecheap,,,24/09/2026 15:44
9848f20d-b188-404a-bf1e-ebf96b729508,migrant.training,available,8.98,53.98,high,low,7,namecheap,,,24/08/2026 22:47
2adc87af-adb9-4fdf-b867-30dd4b30f487,pagan.training,available,8.98,53.98,medium,low,5,namecheap,,,18/08/2026 21:57
4cc45671-cb47-4a8f-bd45-e9adac4b2aa9,absurdly.training,available,8.98,53.98,medium,low,8,namecheap,,,13/09/2026 16:46
69fa2ef3-34f0-4e29-ad6a-d8a85125cba4,yeoman.training,available,15.99,41.99,medium,low,6,namesilo,,,23/09/2026 01:07
070c2421-8ee0-4854-a367-d7e885e701b0,lateen.training,available,8.98,53.98,medium,low,6,namecheap,,,22/08/2026 20:29
a09cf34d-a5f3-4368-8f6a-3f2e1c92bee9,ascending.training,available,8.98,53.98,high,low,9,namecheap,,,07/08/2026 00:51
217467ec-992e-4ae1-9bcc-59275f911c50,dirigible.training,available,8.98,53.98,medium,low,9,namecheap,,,14/08/2026 09:02
c8c5a437-5d2b-475d-b6d3-daed86bf1cee,astylar.training,available,8.98,53.98,medium,low,7,namecheap,,,07/08/2026 10:15
6d0d58be-df04-4eaf-96c7-8137797294f6,pectoralis.training,available,8.98,53.98,medium,low,10,namecheap,,,08/09/2026 12:06
f8d173fd-4a0d-4279-a6e5-646f33944b1a,round.training,available,8.98,53.98,high,low,5,namecheap,,,09/08/2026 05:09
3afeb9c6-346d-4da3-8373-a0dd73e08d3e,urethral.training,available,8.98,53.98,medium,low,8,namecheap,,,12/09/2026 23:35
511a2db6-18c9-4ee0-ac56-c6e1ad79f1f5,roadblock.training,available,15.99,41.99,medium,low,9,namesilo,,,22/09/2026 08:30
1b717541-8d73-48fe-8280-ddf75491ddad,whisking.training,available,21.99,,high,low,8,name.com,,,
8c48e256-820a-43f3-b656-bacd55b3ba0e,acetal.training,available,15.99,41.99,medium,low,6,namesilo,,,16/09/2026 23:47
b728b57a-f7c2-4571-8644-9c0c7de95f68,energy.training,resell,,,high,medium,6,IONOS SE,24/07/2015 10:13,24/07/2027 10:13,26/09/2026 05:50
abead3df-f52b-4183-8787-42721f06d455,battered.training,available,8.98,53.98,medium,low,8,namecheap,,,22/09/2026 18:12
27af3c6a-2954-4e41-9331-ee66063a9455,restaurants.training,premium,520,520,high,low,11,namecheap,,,24/09/2026 21:11
117bd420-bebd-46ac-9dec-8d2b3a58018d,brotherhood.training,available,21.99,,high,low,11,name.com,,,
05c0d646-abef-427f-b391-bb3da7daf793,economic.training,available,15.99,41.99,high,low,8,namesilo,,,24/09/2026 13:22
9d292e0a-459e-4ff1-80ca-f8ae818bbde6,floccose.training,available,8.98,53.98,medium,low,8,namecheap,,,18/08/2026 08:36
cd626610-7b9f-4ce7-9bcb-e438c787aebe,harper.training,available,15.99,41.99,high,low,6,namesilo,,,25/09/2026 06:58
d2b31655-36fe-42a7-aa76-b49584fb1b7a,aleve.training,available,15.99,41.99,medium,low,5,namesilo,,,17/09/2026 15:07
9ef299e5-9993-4254-803f-1fbcc4d97453,austen.training,available,15.99,41.99,high,low,6,namesilo,,,21/09/2026 04:37
0a2c8ce2-a1e8-408e-b30f-71886f291999,pompous.training,available,8.98,53.98,medium,low,7,namecheap,,,12/08/2026 00:37
005ba537-e3fa-4905-ae5b-7fc87d4f4cc7,blase.training,available,8.98,53.98,medium,low,5,namecheap,,,10/08/2026 13:19
0b4f3b59-3d4c-4127-8fb5-2f1216242bd7,kosher.training,premium,242,242,high,low,6,namesilo,,,13/08/2026 02:45
5f3400cc-e2b4-4dfb-8bed-fec108a22683,subliminal.training,available,8.98,53.98,high,low,10,namecheap,,,11/09/2026 00:08
cc2ce6f3-05dc-481a-8d17-3bb8445fae08,need.training,resell,,,high,low,4,"Sav.com, LLC - 23",24/05/2026 15:15,24/05/2027 15:15,26/09/2026 07:44
eb7c31cf-9feb-44a3-a46d-a5a0910d245b,willowy.training,available,8.98,53.98,medium,low,7,namecheap,,,20/08/2026 17:31
f5fded6b-20ab-472d-b31a-7d1cc67b9588,arranging.training,available,15.99,41.99,high,low,9,namesilo,,,20/09/2026 08:47
0d1e5750-34d7-47ce-9de0-c27bb9e31296,malaysian.training,available,8.98,53.98,high,low,9,namecheap,,,24/08/2026 13:46
9fc629c8-5dc5-46b6-aefd-3ee706ef2837,wishing.training,available,21.99,,high,low,7,name.com,,,
ae9da88c-31fd-43e9-ba16-2bc1a649b066,bushy.training,available,8.98,53.98,high,low,5,namecheap,,,11/08/2026 11:15
7f50afb8-2cfa-41a4-8d95-76f1772057f7,aery.training,available,8.98,53.98,high,low,4,namecheap,,,
ecf9fc5b-7f23-4f3d-ae38-0526f33bca7e,distressed.training,available,8.98,53.98,medium,low,10,namecheap,,,14/08/2026 12:16
de214f92-1546-4c46-9e90-f26a9498be9c,jagged.training,available,8.98,53.98,medium,low,6,namecheap,,,17/08/2026 12:32
c5287a4b-9320-4184-b00b-2546b6c105e0,idler.training,available,8.98,53.98,medium,low,5,namecheap,,,14/08/2026 14:10
07b790de-0b0c-4366-91d9-b8b06f0913d7,driving.training,resell,,,high,low,7,"Global Domains International, Inc. DBA DomainCostClub.com",23/06/2026 15:16,23/06/2027 15:16,26/09/2026 05:42
a5cbb07c-165e-4906-94fd-9a628a5b138b,requests.training,available,15.99,41.99,medium,low,8,namesilo,,,17/09/2026 17:07
17a94686-545c-409f-bf09-8ab4279163b0,crayola.training,available,,,high,medium,7,,,,
d38e6fbb-f915-48f4-b771-ea7872ed9cda,pally.training,available,8.98,53.98,high,low,5,namecheap,,,12/08/2026 07:42
a3e57beb-8a28-4047-8f81-d216c5b82d5c,sagely.training,available,8.98,53.98,medium,low,6,namecheap,,,16/09/2026 00:31
c20907de-f08b-4d63-ad49-788bf84f4629,slashed.training,available,8.98,53.98,high,low,7,namecheap,,,10/09/2026 10:06
1d26c531-2956-4c8f-beae-3704722bc723,helical.training,available,8.98,53.98,medium,low,7,namecheap,,,12/08/2026 16:11
c094fa62-7a50-4e4d-a5a1-89b7b8ede9b4,ranked.training,available,8.98,53.98,high,low,6,namecheap,,,20/08/2026 17:38
141608f2-eb9d-4ea0-9887-8947b283e2a4,pretoria.training,available,21.99,,high,low,8,name.com,,,
6cc73a2e-a934-457a-ae44-45024f15e0ec,stunner.training,available,8.98,53.98,high,low,7,namecheap,,,22/08/2026 16:40
1c402553-db9d-4996-8bb1-4184ad42d3ae,adverbs.training,available,15.99,41.99,medium,low,7,namesilo,,,18/09/2026 21:42
713c38aa-f579-4d9c-80bb-dbc9f4ac0546,cognisant.training,available,8.98,53.98,medium,low,9,namecheap,,,08/08/2026 00:18
9ddfce6b-3cfc-45e0-8c49-85ba4d5f85a1,wishfully.training,available,15.99,41.99,medium,low,9,namesilo,,,16/09/2026 11:32
e4210632-7496-4a32-a62b-6cdf26bae43e,seldom.training,available,8.98,53.98,high,low,6,namecheap,,,15/09/2026 22:34
4e7d37f2-cc95-45e0-9d61-24c3fb559b45,unwrapped.training,available,8.98,53.98,medium,low,9,namecheap,,,12/09/2026 22:53
b6c130ac-5beb-4616-a390-19f66efbf1a0,candour.training,available,15.99,41.99,high,low,7,namesilo,,,24/09/2026 12:03
3f7fc4f3-e6cf-43cb-bd1e-8bc9f83e37a3,showing.training,available,15.99,41.99,high,low,7,namesilo,,,25/09/2026 10:36
3fb94ba4-a199-4703-94f7-5338d9699fc8,jarvis.training,available,8.98,53.98,high,medium,6,namecheap,,,27/09/2026 01:43
691bd5b0-c57f-4630-8e7d-36a3fe9b8ffb,anuria.training,available,15.99,41.99,medium,low,6,namesilo,,,19/09/2026 15:55
7caddaa1-1dcd-4331-a92a-1aab5fc58a6e,chapped.training,available,8.98,53.98,medium,low,7,namecheap,,,12/08/2026 02:20
1b6b1f09-4a9c-43f2-84fd-a40b4a27984a,flap.training,available,15.99,41.99,high,low,4,namesilo,,,24/09/2026 23:15
8f8046fe-16db-46a5-899a-489ba046747e,antler.training,available,15.99,41.99,high,low,6,namesilo,,,19/09/2026 15:20
2491360a-18f1-41c3-a8fe-6ee5086e7519,bile.training,available,15.99,41.99,medium,low,4,namesilo,,,23/09/2026 15:41
3088ef92-e6c1-4d6d-9e61-41be95ce1f41,nerd.training,available,21.99,,high,medium,4,name.com,,,
09ab7402-ece6-4b96-9307-6800846e6545,diversely.training,available,8.98,53.98,medium,low,9,namecheap,,,14/09/2026 13:25
f82b7229-fb66-426b-9dfb-df53e6582d23,uncomplicated.training,available,21.99,,high,low,13,name.com,,,
099e4979-e1be-44e0-a709-2a11ba10d26c,bankruptcy.training,available,8.98,53.98,high,low,10,namecheap,,,22/09/2026 02:50
39561868-6390-4175-885c-f982b0c9f14d,solomonic.training,available,8.98,53.98,medium,low,9,namecheap,,,10/09/2026 13:43
1ffd65d8-2520-437b-97de-e1824d58fed7,nuremberg.training,available,15.99,41.99,high,low,9,namesilo,,,25/09/2026 23:53
26525874-7df2-4866-bfe4-1cd14f2d1a25,voluntarily.training,available,21.99,,high,low,11,name.com,,,
83138acb-a7d5-42e4-af88-0369460ecdd5,landward.training,available,8.98,53.98,medium,low,8,namecheap,,,15/09/2026 10:39
f238c89d-c07d-40ac-8617-378bb902e287,skip.training,available,15.99,41.99,high,low,4,namesilo,,,25/09/2026 07:30
9e9ad05b-3765-49db-9a77-f42f5aab42c3,billy.training,available,15.99,41.99,high,low,5,namesilo,,,23/09/2026 16:44
efa01bb1-bc5c-4ca5-af54-64c41c71744f,uttered.training,available,8.98,53.98,medium,low,7,namecheap,,,17/08/2026 18:44
2d61621a-2a2d-4e89-9119-0582f1c9ef16,iodine.training,available,8.98,53.98,high,low,6,namecheap,,,21/08/2026 17:24
38211dce-5374-47a3-bbd9-15e80ee755f0,twinkle.training,available,8.98,53.98,high,low,7,namecheap,,,18/08/2026 06:46
6bfc3e50-3470-4eca-8da3-9af4ea4119e4,blackbeard.training,available,15.99,41.99,medium,low,10,namesilo,,,24/09/2026 02:06
9eb55720-10ef-4565-8852-a8d2e7f0a3c3,cypriot.training,available,21.99,52.99,medium,low,7,name.com,,,13/08/2026 14:08
5885406c-a8f7-4d08-9618-226b9ce00532,rhoda.training,available,21.99,,high,low,5,name.com,,,
a76ced08-08d1-47d8-b78d-e4e9c75ec2ca,keith.training,available,15.99,41.99,high,low,5,namesilo,,,17/09/2026 22:02
53347ab3-319f-4ade-a726-e9adc06d214a,taxonomic.training,available,8.98,53.98,medium,low,9,namecheap,,,11/09/2026 09:30
839d952e-52b7-4862-bfda-32de313c6e19,witness.training,available,8.98,53.98,high,low,7,namecheap,,,21/09/2026 01:35
3a81edaa-a950-40a3-b934-65702d284e0c,likely.training,available,15.99,41.99,high,low,6,namesilo,,,25/09/2026 13:46
ae51dd06-d75c-49ea-8850-20216ca7673d,acarid.training,available,8.98,53.98,medium,low,6,namecheap,,,16/09/2026 21:26
b18d0101-4677-4061-b60b-a11b3965aa66,walls.training,available,15.99,41.99,high,low,5,namesilo,,,25/09/2026 16:16
e2d46e3f-e481-4480-a6d6-68c76079c7a2,nottingham.training,available,15.99,41.99,high,low,10,namesilo,,,26/09/2026 00:49
0805a997-eead-4499-ac9b-6773b835f50e,formidably.training,available,8.98,53.98,medium,low,10,namecheap,,,14/09/2026 19:46
832a6a09-bee5-4cc2-801a-5b2ea5e2f7e6,rhetorical.training,available,8.98,53.98,high,low,10,namecheap,,,09/09/2026 16:37
fba5ae86-1f68-4130-95e3-87ce4afe32f3,capillary.training,available,8.98,53.98,high,low,9,namecheap,,,11/08/2026 17:53
b3b75232-3541-4cad-bf4d-a7774f2934a9,aeolus.training,available,15.99,41.99,medium,low,6,namesilo,,,17/09/2026 12:36
a7451cb8-141c-4774-94bb-c9c148af0650,waxed.training,available,8.98,53.98,high,low,5,namecheap,,,13/09/2026 08:40
6f6f10a3-3a0e-44f4-aa36-63722755ac4e,post.training,premium,512,512,high,medium,4,namesilo,,,25/09/2026 13:02
8ebe9229-02c7-452d-86cb-b999ac6dc898,immunized.training,available,8.98,53.98,medium,low,9,namecheap,,,21/08/2026 21:30
96c90dc2-f348-4c97-9cd6-1812fdeccefa,chequebook.training,available,15.99,41.99,medium,low,10,namesilo,,,24/09/2026 13:58
dc5602c4-766f-4b3e-8b83-5bc0b4c14f4b,prompts.training,available,8.98,53.98,high,medium,7,namecheap,,,20/09/2026 08:06
412d13d3-f097-45fa-88af-f76bf12fdee4,mammal.training,available,8.98,53.98,high,low,6,namecheap,,,24/08/2026 14:21
4fbddcc7-0484-451c-b87b-aa4a5511b041,finalize.training,available,21.99,,high,low,8,name.com,,,
bd4b32b2-c49c-4bd4-9f05-96f8768c37ce,appraisal.training,available,15.99,41.99,high,low,9,namesilo,,,19/09/2026 22:07
738f8a49-ae6d-46a2-a93e-996bec1d5c13,concentrated.training,available,21.99,,high,low,12,name.com,,,
6b25b38b-172c-472e-84c8-3f01f0c3e70b,rove.training,available,8.98,53.98,high,low,4,namecheap,,,10/09/2026 22:12
5886d136-64ec-49ab-9f74-07b819b488fb,reliant.training,available,8.98,53.98,high,low,7,namecheap,,,09/09/2026 13:35
afd83613-c59f-436f-ad99-aef569800d9f,exist.training,available,21.99,,high,low,5,name.com,,,
8b630413-2353-4f84-a389-847936dbf3fe,aeration.training,available,15.99,41.99,medium,low,8,namesilo,,,17/09/2026 12:46
051111bd-2d6d-4136-8b33-69278e8697d3,minimum.training,available,8.98,53.98,high,low,7,namecheap,,,25/09/2026 20:24
addda4d9-7c83-4b8d-9780-f8a6b96577ba,acuity.training,available,15.99,41.99,high,low,6,namesilo,,,17/09/2026 05:29
013db0f9-7f5a-4e85-8fce-33b69f6cf820,carbonyl.training,available,8.98,53.98,medium,low,8,namecheap,,,11/08/2026 18:41
f518a647-20bf-4eba-b886-0121807d29c6,synchronal.training,available,8.98,53.98,medium,low,10,namecheap,,,11/09/2026 06:13
6ceddda3-68ea-499e-a693-63026b53a695,strange.training,available,21.99,,high,low,7,name.com,,,
490982b6-bfbb-4255-8461-07538d206946,patois.training,available,8.98,53.98,medium,low,6,namecheap,,,13/09/2026 04:15
772714e8-4529-417e-b05b-30e61bd5d410,asterion.training,available,8.98,53.98,medium,low,8,namecheap,,,20/09/2026 17:10
b3d072d2-8432-4f7d-bba5-61823aae161e,feasibly.training,available,8.98,53.98,high,low,8,namecheap,,,14/09/2026 18:08
2d46a0b8-469c-48d6-81d6-f03cbe165d10,stockings.training,available,15.99,41.99,medium,low,9,namesilo,,,17/09/2026 08:14
8a8eb1f3-543e-42fe-b321-7bd3ad885fd7,anymore.training,available,21.99,,high,low,7,name.com,,,
28d3a454-87e4-454d-abd8-000076f6b39a,pad.training,premium,78.54,78.54,high,low,3,namesilo,,,
75cea309-d91b-443b-a1e3-9246e9f63af5,blinding.training,available,8.98,53.98,high,low,8,namecheap,,,10/08/2026 13:42
ae23713b-6e6b-46e2-8e09-d8eba1ca8c9b,shipment.training,available,15.99,41.99,high,low,8,namesilo,,,24/09/2026 12:59